"Time (s)","Gyroscope x (rad/s)","Gyroscope y (rad/s)","Gyroscope z (rad/s)","Absolute (rad/s)"
0.000000000E0,3.707885742E-3,-1.184082031E-2,-6.866455078E-4,1.242678254E-2
5.004883000E-3,-1.617431641E-3,-1.077270508E-2,-1.754760742E-3,1.103387716E-2
1.000976500E-2,-1.617431641E-3,-4.379272461E-3,3.814697266E-4,4.683976041E-3
1.498413100E-2,-5.493164062E-4,3.082275391E-3,1.449584961E-3,3.450140092E-3
1.998901300E-2,-5.493164062E-4,3.082275391E-3,1.449584961E-3,3.450140092E-3
2.499389600E-2,-5.493164062E-4,-1.220703125E-4,-6.866455078E-4,8.877678349E-4
2.999877900E-2,1.586914062E-3,-1.220703125E-4,3.814697266E-4,1.636678513E-3
3.500366200E-2,5.187988281E-4,-1.220703125E-4,3.814697266E-4,6.554178343E-4
4.000854500E-2,-5.493164062E-4,2.014160156E-3,3.814697266E-4,2.122288576E-3
4.498291000E-2,-1.617431641E-3,-1.220703125E-4,1.449584961E-3,2.175381077E-3
4.998779300E-2,1.586914062E-3,-1.220703125E-4,-6.866455078E-4,1.733401124E-3
5.499267600E-2,5.187988281E-4,9.460449219E-4,-6.866455078E-4,1.278919572E-3
5.999755800E-2,-5.493164062E-4,3.082275391E-3,-6.866455078E-4,3.205253836E-3
6.500244100E-2,1.586914062E-3,2.014160156E-3,-6.866455078E-4,2.654546935E-3
7.000732400E-2,2.655029297E-3,-1.220703125E-4,-1.754760742E-3,3.184849603E-3
7.501220700E-2,1.586914062E-3,9.460449219E-4,1.449584961E-3,2.348317226E-3
8.001709000E-2,-5.493164062E-4,2.014160156E-3,3.814697266E-4,2.122288576E-3
8.502197200E-2,1.586914062E-3,3.082275391E-3,3.814697266E-4,3.487726620E-3
9.002685500E-2,3.707885742E-3,-1.220703125E-4,3.814697266E-4,3.729455321E-3
9.500122100E-2,1.586914062E-3,-1.190185547E-3,3.814697266E-4,2.019989364E-3
1.000061030E-1,-5.493164062E-4,-1.220703125E-4,-1.754760742E-3,1.842779134E-3
1.050109860E-1,-1.617431641E-3,-1.220703125E-4,-6.866455078E-4,1.761382504E-3
1.100158690E-1,5.187988281E-4,-1.190185547E-3,3.814697266E-4,1.353223194E-3
1.150207520E-1,-5.493164062E-4,-1.190185547E-3,3.814697266E-4,1.365214013E-3
1.200256350E-1,-5.493164062E-4,9.460449219E-4,1.449584961E-3,1.816052331E-3
1.250305170E-1,-5.493164062E-4,-1.220703125E-4,3.814697266E-4,6.798299991E-4
1.300354000E-1,-2.685546875E-3,-1.190185547E-3,-6.866455078E-4,3.016651406E-3
1.350097650E-1,-5.493164062E-4,-1.190185547E-3,3.814697266E-4,1.365214013E-3
1.400146480E-1,-5.493164062E-4,9.460449219E-4,-1.754760742E-3,2.067833352E-3
1.450195310E-1,5.187988281E-4,-1.190185547E-3,-6.866455078E-4,1.468732758E-3
1.500244140E-1,5.187988281E-4,-1.220703125E-4,-6.866455078E-4,8.692154156E-4
1.550292970E-1,-5.493164062E-4,-1.190185547E-3,1.449584961E-3,1.954376297E-3
1.600341800E-1,5.187988281E-4,9.460449219E-4,1.449584961E-3,1.807055555E-3
1.650390620E-1,1.586914062E-3,9.460449219E-4,-6.866455078E-4,1.970984345E-3
1.700439450E-1,1.586914062E-3,9.460449219E-4,1.449584961E-3,2.348317226E-3
1.750488280E-1,5.187988281E-4,-1.190185547E-3,2.517700195E-3,2.832756279E-3
1.800537110E-1,-5.493164062E-4,-1.190185547E-3,-6.866455078E-4,1.479787891E-3
1.850280760E-1,-5.493164062E-4,-1.190185547E-3,3.814697266E-4,1.365214013E-3
1.900329590E-1,5.187988281E-4,-1.220703125E-4,-6.866455078E-4,8.692154156E-4
1.950378420E-1,-1.617431641E-3,3.082275391E-3,-6.866455078E-4,3.547955573E-3
2.000427240E-1,1.586914062E-3,2.014160156E-3,-6.866455078E-4,2.654546935E-3
2.050476070E-1,1.586914062E-3,-1.190185547E-3,-6.866455078E-4,2.099123610E-3
2.100524900E-1,2.655029297E-3,-1.220703125E-4,3.814697266E-4,2.685069996E-3
2.150573730E-1,1.586914062E-3,-1.220703125E-4,3.814697266E-4,1.636678513E-3
2.200622560E-1,5.187988281E-4,-1.220703125E-4,1.449584961E-3,1.544457816E-3
2.250671380E-1,1.586914062E-3,-2.243041992E-3,-6.866455078E-4,2.832139769E-3
2.300720210E-1,5.187988281E-4,-2.243041992E-3,-6.866455078E-4,2.402471989E-3
2.350769040E-1,5.187988281E-4,-1.190185547E-3,-6.866455078E-4,1.468732758E-3
2.400817870E-1,5.187988281E-4,-1.190185547E-3,3.814697266E-4,1.353223194E-3
2.450561520E-1,1.586914062E-3,-1.220703125E-4,-6.866455078E-4,1.733401124E-3
2.500610350E-1,5.187988281E-4,-1.220703125E-4,-6.866455078E-4,8.692154156E-4
2.550659180E-1,-1.617431641E-3,-1.190185547E-3,3.814697266E-4,2.044051345E-3
2.600708010E-1,-5.493164062E-4,-1.220703125E-4,3.814697266E-4,6.798299991E-4
2.650756830E-1,1.586914062E-3,-1.220703125E-4,3.814697266E-4,1.636678513E-3
2.700805660E-1,5.187988281E-4,-1.190185547E-3,-6.866455078E-4,1.468732758E-3
2.750854490E-1,-5.493164062E-4,-1.190185547E-3,3.814697266E-4,1.365214013E-3
2.800903320E-1,5.187988281E-4,2.014160156E-3,-1.754760742E-3,2.721245785E-3
2.850646970E-1,5.187988281E-4,9.460449219E-4,3.814697266E-4,1.144409180E-3
2.900695800E-1,1.586914062E-3,-1.220703125E-4,-6.866455078E-4,1.733401124E-3
2.950744630E-1,1.586914062E-3,3.082275391E-3,1.449584961E-3,3.757660760E-3
3.000793460E-1,1.586914062E-3,2.014160156E-3,-6.866455078E-4,2.654546935E-3
3.050842280E-1,-5.493164062E-4,-1.220703125E-4,-1.754760742E-3,1.842779134E-3
3.100891110E-1,-5.493164062E-4,-1.190185547E-3,-6.866455078E-4,1.479787891E-3
3.150634760E-1,5.187988281E-4,-1.190185547E-3,-6.866455078E-4,1.468732758E-3
3.200683590E-1,5.187988281E-4,-1.220703125E-4,-6.866455078E-4,8.692154156E-4
3.251037600E-1,2.655029297E-3,9.460449219E-4,3.814697266E-4,2.844239918E-3
3.301086420E-1,-1.617431641E-3,-1.190185547E-3,-6.866455078E-4,2.122288576E-3
3.351135250E-1,-5.493164062E-4,9.460449219E-4,3.814697266E-4,1.158563188E-3
3.401184080E-1,-5.493164062E-4,9.460449219E-4,-6.866455078E-4,1.291600388E-3
3.450927730E-1,-5.493164062E-4,9.460449219E-4,-6.866455078E-4,1.291600388E-3
3.500976560E-1,5.187988281E-4,2.014160156E-3,-1.754760742E-3,2.721245785E-3
3.551025390E-1,-5.493164062E-4,3.082275391E-3,1.449584961E-3,3.450140092E-3
3.601074220E-1,5.187988281E-4,9.460449219E-4,1.449584961E-3,1.807055555E-3
3.651123050E-1,1.586914062E-3,-1.190185547E-3,-6.866455078E-4,2.099123610E-3
3.701171870E-1,5.187988281E-4,9.460449219E-4,-6.866455078E-4,1.278919572E-3
3.750915530E-1,-1.617431641E-3,2.014160156E-3,1.449584961E-3,2.962131463E-3
3.800964350E-1,-1.617431641E-3,-1.220703125E-4,1.449584961E-3,2.175381077E-3
3.851013180E-1,-5.493164062E-4,-1.220703125E-4,-6.866455078E-4,8.877678349E-4
3.901062010E-1,-5.493164062E-4,-1.220703125E-4,3.814697266E-4,6.798299991E-4
3.951110840E-1,1.586914062E-3,-1.190185547E-3,3.814697266E-4,2.019989364E-3
4.001159670E-1,-5.493164062E-4,-1.190185547E-3,3.814697266E-4,1.365214013E-3
4.051208490E-1,5.187988281E-4,-1.220703125E-4,1.449584961E-3,1.544457816E-3
4.101257320E-1,1.586914062E-3,-1.190185547E-3,-6.866455078E-4,2.099123610E-3
4.151000970E-1,-5.493164062E-4,-1.220703125E-4,1.449584961E-3,1.554974673E-3
4.201049800E-1,1.586914062E-3,9.460449219E-4,3.814697266E-4,1.886482544E-3
4.251098630E-1,5.187988281E-4,9.460449219E-4,-6.866455078E-4,1.278919572E-3
4.301147460E-1,-5.493164062E-4,-1.220703125E-4,3.814697266E-4,6.798299991E-4
4.351196290E-1,5.187988281E-4,-1.220703125E-4,-6.866455078E-4,8.692154156E-4
4.401245120E-1,5.187988281E-4,-1.220703125E-4,3.814697266E-4,6.554178343E-4
4.451293940E-1,-5.493164062E-4,2.014160156E-3,-6.866455078E-4,2.197742410E-3
4.501342770E-1,-5.493164062E-4,-1.220703125E-4,-1.754760742E-3,1.842779134E-3
4.551086420E-1,5.187988281E-4,-1.190185547E-3,3.814697266E-4,1.353223194E-3
4.601135250E-1,5.187988281E-4,-1.220703125E-4,-6.866455078E-4,8.692154156E-4
4.651184080E-1,1.586914062E-3,2.014160156E-3,-6.866455078E-4,2.654546935E-3
4.701232910E-1,1.586914062E-3,2.014160156E-3,-6.866455078E-4,2.654546935E-3
4.751281740E-1,-5.493164062E-4,-1.220703125E-4,-2.807617188E-3,2.863453151E-3
4.801330560E-1,-5.493164062E-4,9.460449219E-4,3.814697266E-4,1.158563188E-3
4.851379390E-1,1.586914062E-3,9.460449219E-4,3.814697266E-4,1.886482544E-3
4.901428220E-1,1.586914062E-3,2.014160156E-3,-1.754760742E-3,3.107140589E-3
4.951477050E-1,-1.617431641E-3,9.460449219E-4,-6.866455078E-4,1.995637282E-3
5.001525880E-1,-5.493164062E-4,-1.220703125E-4,1.449584961E-3,1.554974673E-3
5.051574710E-1,-1.617431641E-3,-1.220703125E-4,3.814697266E-4,1.666284917E-3
5.101623530E-1,-5.493164062E-4,-1.190185547E-3,3.814697266E-4,1.365214013E-3
5.151672360E-1,-5.493164062E-4,9.460449219E-4,1.449584961E-3,1.816052331E-3
5.201721190E-1,5.187988281E-4,9.460449219E-4,1.449584961E-3,1.807055555E-3
5.251464840E-1,5.187988281E-4,3.082275391E-3,3.814697266E-4,3.148824060E-3
5.301513670E-1,2.655029297E-3,9.460449219E-4,-6.866455078E-4,2.900976321E-3
5.351562500E-1,-5.493164062E-4,2.014160156E-3,3.814697266E-4,2.122288576E-3
5.401611330E-1,5.187988281E-4,9.460449219E-4,3.814697266E-4,1.144409180E-3
5.451660150E-1,1.586914062E-3,2.014160156E-3,-6.866455078E-4,2.654546935E-3
5.501708980E-1,3.707885742E-3,-2.243041992E-3,-6.866455078E-4,4.387611663E-3
5.551757810E-1,2.655029297E-3,-1.190185547E-3,-6.866455078E-4,2.989515723E-3
5.601806640E-1,2.655029297E-3,-1.220703125E-4,3.814697266E-4,2.685069996E-3
5.651550290E-1,2.655029297E-3,-1.190185547E-3,3.814697266E-4,2.934491669E-3
5.701599120E-1,1.586914062E-3,-1.220703125E-4,3.814697266E-4,1.636678513E-3
5.751647950E-1,1.586914062E-3,-1.190185547E-3,3.814697266E-4,2.019989364E-3
5.801696780E-1,5.187988281E-4,-1.220703125E-4,-6.866455078E-4,8.692154156E-4
5.851745600E-1,5.187988281E-4,-1.220703125E-4,3.814697266E-4,6.554178343E-4
5.901794430E-1,1.586914062E-3,-1.190185547E-3,1.449584961E-3,2.456854582E-3
5.951843260E-1,5.187988281E-4,-1.220703125E-4,3.814697266E-4,6.554178343E-4
6.001892090E-1,-2.685546875E-3,9.460449219E-4,-6.866455078E-4,2.928932411E-3
6.051635740E-1,5.187988281E-4,9.460449219E-4,-6.866455078E-4,1.278919572E-3
6.101684570E-1,2.655029297E-3,9.460449219E-4,3.814697266E-4,2.844239918E-3
6.151733400E-1,5.187988281E-4,-1.220703125E-4,1.449584961E-3,1.544457816E-3
6.201782220E-1,-1.617431641E-3,9.460449219E-4,-6.866455078E-4,1.995637282E-3
6.251831050E-1,5.187988281E-4,2.014160156E-3,3.814697266E-4,2.114595118E-3
6.301879880E-1,5.187988281E-4,-2.243041992E-3,-6.866455078E-4,2.402471989E-3
6.351928710E-1,5.187988281E-4,-1.190185547E-3,-6.866455078E-4,1.468732758E-3
6.401977540E-1,1.586914062E-3,9.460449219E-4,3.814697266E-4,1.886482544E-3
6.452026370E-1,1.586914062E-3,-1.220703125E-4,-6.866455078E-4,1.733401124E-3
6.502075190E-1,-5.493164062E-4,9.460449219E-4,-6.866455078E-4,1.291600388E-3
6.552124020E-1,-5.493164062E-4,9.460449219E-4,-1.754760742E-3,2.067833352E-3
6.602172850E-1,5.187988281E-4,2.014160156E-3,3.814697266E-4,2.114595118E-3
6.652221680E-1,1.586914062E-3,-1.220703125E-4,3.814697266E-4,1.636678513E-3
6.702270510E-1,5.187988281E-4,-1.220703125E-4,3.814697266E-4,6.554178343E-4
6.752319330E-1,-5.493164062E-4,-1.220703125E-4,-6.866455078E-4,8.877678349E-4
6.802368160E-1,1.586914062E-3,2.014160156E-3,3.814697266E-4,2.592422907E-3
6.852111810E-1,5.187988281E-4,-1.220703125E-4,3.814697266E-4,6.554178343E-4
6.902160640E-1,-1.617431641E-3,9.460449219E-4,1.449584961E-3,2.369046784E-3
6.952209470E-1,-5.493164062E-4,9.460449219E-4,3.814697266E-4,1.158563188E-3
7.002258300E-1,-5.493164062E-4,-1.220703125E-4,3.814697266E-4,6.798299991E-4
7.052001950E-1,-5.493164062E-4,-1.220703125E-4,-6.866455078E-4,8.877678349E-4
7.102050780E-1,5.187988281E-4,-1.220703125E-4,-6.866455078E-4,8.692154156E-4
7.152099610E-1,5.187988281E-4,9.460449219E-4,-6.866455078E-4,1.278919572E-3
7.202148440E-1,-5.493164062E-4,-1.220703125E-4,-6.866455078E-4,8.877678349E-4
7.252197260E-1,-5.493164062E-4,-2.243041992E-3,3.814697266E-4,2.340620654E-3
7.302246090E-1,5.187988281E-4,-1.190185547E-3,-1.754760742E-3,2.182860308E-3
7.352294920E-1,5.187988281E-4,-1.220703125E-4,-6.866455078E-4,8.692154156E-4
7.402343750E-1,2.655029297E-3,-1.220703125E-4,3.814697266E-4,2.685069996E-3
7.452392580E-1,5.187988281E-4,9.460449219E-4,3.814697266E-4,1.144409180E-3
7.502441400E-1,5.187988281E-4,3.082275391E-3,-6.866455078E-4,3.200164974E-3
7.552490230E-1,1.586914062E-3,-1.220703125E-4,-1.754760742E-3,2.369046784E-3
7.602539060E-1,-5.493164062E-4,-1.220703125E-4,1.449584961E-3,1.554974673E-3
7.652282710E-1,-5.493164062E-4,3.082275391E-3,-6.866455078E-4,3.205253836E-3
7.702331540E-1,5.187988281E-4,9.460449219E-4,-1.754760742E-3,2.059936523E-3
7.752380370E-1,5.187988281E-4,9.460449219E-4,1.449584961E-3,1.807055555E-3
7.802429200E-1,-5.493164062E-4,-1.190185547E-3,3.814697266E-4,1.365214013E-3
7.852478030E-1,5.187988281E-4,-1.220703125E-4,3.814697266E-4,6.554178343E-4
7.902526850E-1,5.187988281E-4,-1.190185547E-3,3.814697266E-4,1.353223194E-3
7.952575680E-1,5.187988281E-4,-1.220703125E-4,1.449584961E-3,1.544457816E-3
8.002624510E-1,-5.493164062E-4,9.460449219E-4,1.449584961E-3,1.816052331E-3
8.052368160E-1,1.586914062E-3,9.460449219E-4,-6.866455078E-4,1.970984345E-3
8.102416990E-1,5.187988281E-4,9.460449219E-4,3.814697266E-4,1.144409180E-3
8.152465820E-1,-5.493164062E-4,-1.220703125E-4,-6.866455078E-4,8.877678349E-4
8.202514650E-1,5.187988281E-4,-1.220703125E-4,1.449584961E-3,1.544457816E-3
8.252563470E-1,1.586914062E-3,-2.243041992E-3,3.814697266E-4,2.773995813E-3
8.302612300E-1,5.187988281E-4,9.460449219E-4,-1.754760742E-3,2.059936523E-3
8.352661130E-1,5.187988281E-4,-1.220703125E-4,-1.754760742E-3,1.833913479E-3
8.402709960E-1,1.586914062E-3,9.460449219E-4,-1.754760742E-3,2.548035027E-3
8.452453610E-1,5.187988281E-4,9.460449219E-4,3.814697266E-4,1.144409180E-3
8.502502440E-1,5.187988281E-4,-1.220703125E-4,-6.866455078E-4,8.692154156E-4
8.552551270E-1,-5.493164062E-4,9.460449219E-4,-1.754760742E-3,2.067833352E-3
8.602600100E-1,-5.493164062E-4,2.014160156E-3,-6.866455078E-4,2.197742410E-3
8.652648920E-1,-5.493164062E-4,-1.220703125E-4,3.814697266E-4,6.798299991E-4
8.702697750E-1,1.586914062E-3,-1.190185547E-3,1.449584961E-3,2.456854582E-3
8.752746580E-1,5.187988281E-4,-1.190185547E-3,1.449584961E-3,1.946019121E-3
8.802795410E-1,5.187988281E-4,9.460449219E-4,1.449584961E-3,1.807055555E-3
8.852539060E-1,5.187988281E-4,9.460449219E-4,3.814697266E-4,1.144409180E-3
8.902587890E-1,-5.493164062E-4,-1.220703125E-4,-1.754760742E-3,1.842779134E-3
8.952636720E-1,5.187988281E-4,9.460449219E-4,-6.866455078E-4,1.278919572E-3
9.002685550E-1,1.586914062E-3,-1.220703125E-4,3.814697266E-4,1.636678513E-3
9.052734370E-1,-5.493164062E-4,9.460449219E-4,3.814697266E-4,1.158563188E-3
9.102783200E-1,-1.617431641E-3,-1.190185547E-3,-6.866455078E-4,2.122288576E-3
9.152832030E-1,5.187988281E-4,-1.220703125E-4,-1.754760742E-3,1.833913479E-3
9.202880860E-1,-1.617431641E-3,3.082275391E-3,-6.866455078E-4,3.547955573E-3
9.252929690E-1,-5.493164062E-4,2.014160156E-3,1.449584961E-3,2.541630620E-3
9.302978510E-1,5.187988281E-4,-1.190185547E-3,3.814697266E-4,1.353223194E-3
9.352722170E-1,5.187988281E-4,-1.190185547E-3,-6.866455078E-4,1.468732758E-3
9.402770990E-1,5.187988281E-4,-1.220703125E-4,-6.866455078E-4,8.692154156E-4
9.452819820E-1,5.187988281E-4,3.082275391E-3,3.814697266E-4,3.148824060E-3
9.502868650E-1,5.187988281E-4,9.460449219E-4,-6.866455078E-4,1.278919572E-3
9.552917480E-1,1.586914062E-3,-1.190185547E-3,3.814697266E-4,2.019989364E-3
9.602966310E-1,5.187988281E-4,-1.220703125E-4,3.814697266E-4,6.554178343E-4
9.653015130E-1,-5.493164062E-4,3.082275391E-3,3.814697266E-4,3.153995759E-3
9.703063960E-1,5.187988281E-4,-1.220703125E-4,-6.866455078E-4,8.692154156E-4
9.753112790E-1,2.655029297E-3,-1.220703125E-4,3.814697266E-4,2.685069996E-3
9.803161620E-1,5.187988281E-4,-1.190185547E-3,1.449584961E-3,1.946019121E-3
9.852905270E-1,-5.493164062E-4,9.460449219E-4,-1.754760742E-3,2.067833352E-3
9.902954100E-1,5.187988281E-4,-1.220703125E-4,1.449584961E-3,1.544457816E-3
9.953002930E-1,5.187988281E-4,9.460449219E-4,-6.866455078E-4,1.278919572E-3
1.000305176E0,1.586914062E-3,9.460449219E-4,-6.866455078E-4,1.970984345E-3
1.005310058E0,1.586914062E-3,-1.190185547E-3,-1.754760742E-3,2.648400110E-3
1.010314941E0,5.187988281E-4,-2.243041992E-3,-6.866455078E-4,2.402471989E-3
1.015319824E0,-5.493164062E-4,-1.190185547E-3,3.814697266E-4,1.365214013E-3
1.020324707E0,-5.493164062E-4,-1.220703125E-4,-6.866455078E-4,8.877678349E-4
1.025329590E0,5.187988281E-4,-1.220703125E-4,-6.866455078E-4,8.692154156E-4
1.030334472E0,-5.493164062E-4,9.460449219E-4,2.517700195E-3,2.745098137E-3
1.035339355E0,5.187988281E-4,-1.220703125E-4,3.814697266E-4,6.554178343E-4
1.040344238E0,1.586914062E-3,-1.220703125E-4,-6.866455078E-4,1.733401124E-3
1.045318603E0,-5.493164062E-4,-1.220703125E-4,-6.866455078E-4,8.877678349E-4
1.050323486E0,-2.685546875E-3,-1.220703125E-4,3.814697266E-4,2.715249957E-3
1.055328369E0,-5.493164062E-4,-1.220703125E-4,1.449584961E-3,1.554974673E-3
1.060333252E0,1.586914062E-3,9.460449219E-4,-6.866455078E-4,1.970984345E-3
1.065338135E0,5.187988281E-4,9.460449219E-4,3.814697266E-4,1.144409180E-3
1.070343017E0,5.187988281E-4,9.460449219E-4,1.449584961E-3,1.807055555E-3
1.075347900E0,5.187988281E-4,2.014160156E-3,3.814697266E-4,2.114595118E-3
1.080352783E0,5.187988281E-4,-1.190185547E-3,-6.866455078E-4,1.468732758E-3
1.085357666E0,5.187988281E-4,-1.220703125E-4,-6.866455078E-4,8.692154156E-4
1.090362549E0,-5.493164062E-4,-1.220703125E-4,1.449584961E-3,1.554974673E-3
1.095336914E0,-1.617431641E-3,9.460449219E-4,3.814697266E-4,1.912225211E-3
1.100341797E0,1.586914062E-3,9.460449219E-4,-1.754760742E-3,2.548035027E-3
1.105346680E0,5.187988281E-4,-1.190185547E-3,-6.866455078E-4,1.468732758E-3
1.110351562E0,5.187988281E-4,-1.190185547E-3,3.814697266E-4,1.353223194E-3
1.115356445E0,-5.493164062E-4,-1.220703125E-4,-6.866455078E-4,8.877678349E-4
1.120361328E0,5.187988281E-4,2.014160156E-3,3.814697266E-4,2.114595118E-3
1.125366211E0,-5.493164062E-4,-1.190185547E-3,3.814697266E-4,1.365214013E-3
1.130371094E0,-5.493164062E-4,-1.220703125E-4,-2.807617188E-3,2.863453151E-3
1.135345459E0,-5.493164062E-4,-1.220703125E-4,-6.866455078E-4,8.877678349E-4
1.140350342E0,5.187988281E-4,9.460449219E-4,-1.754760742E-3,2.059936523E-3
1.145355224E0,1.586914062E-3,9.460449219E-4,1.449584961E-3,2.348317226E-3
1.150360107E0,-5.493164062E-4,9.460449219E-4,-6.866455078E-4,1.291600388E-3
1.155364990E0,-1.617431641E-3,9.460449219E-4,3.814697266E-4,1.912225211E-3
1.160369873E0,-1.617431641E-3,-1.220703125E-4,-6.866455078E-4,1.761382504E-3
1.165374756E0,5.187988281E-4,-1.220703125E-4,-6.866455078E-4,8.692154156E-4
1.170379638E0,-5.493164062E-4,9.460449219E-4,1.449584961E-3,1.816052331E-3
1.175384521E0,-5.493164062E-4,9.460449219E-4,-6.866455078E-4,1.291600388E-3
1.180389404E0,5.187988281E-4,-1.220703125E-4,3.814697266E-4,6.554178343E-4
1.185394287E0,1.586914062E-3,9.460449219E-4,-6.866455078E-4,1.970984345E-3
1.190399170E0,5.187988281E-4,-1.190185547E-3,3.814697266E-4,1.353223194E-3
1.195404053E0,-5.493164062E-4,-1.190185547E-3,3.814697266E-4,1.365214013E-3
1.200408935E0,5.187988281E-4,-1.190185547E-3,-6.866455078E-4,1.468732758E-3
1.205383301E0,-5.493164062E-4,-1.190185547E-3,-6.866455078E-4,1.479787891E-3
1.210388183E0,-1.617431641E-3,9.460449219E-4,-6.866455078E-4,1.995637282E-3
1.215393066E0,1.586914062E-3,3.082275391E-3,-6.866455078E-4,3.534147688E-3
1.220397949E0,1.586914062E-3,9.460449219E-4,-6.866455078E-4,1.970984345E-3
1.225402832E0,-5.493164062E-4,-1.220703125E-4,-6.866455078E-4,8.877678349E-4
1.230407715E0,-5.493164062E-4,-2.243041992E-3,3.814697266E-4,2.340620654E-3
1.235412597E0,-1.617431641E-3,-1.220703125E-4,-6.866455078E-4,1.761382504E-3
1.240417480E0,5.187988281E-4,-1.190185547E-3,-1.754760742E-3,2.182860308E-3
1.245391846E0,-5.493164062E-4,9.460449219E-4,-6.866455078E-4,1.291600388E-3
1.250396728E0,5.187988281E-4,2.014160156E-3,-6.866455078E-4,2.190313999E-3
1.255401611E0,-5.493164062E-4,-1.220703125E-4,-6.866455078E-4,8.877678349E-4
1.260406494E0,1.586914062E-3,-4.379272461E-3,1.449584961E-3,4.878280444E-3
1.265411377E0,-5.493164062E-4,-1.190185547E-3,1.449584961E-3,1.954376297E-3
1.270416260E0,5.187988281E-4,-1.220703125E-4,-6.866455078E-4,8.692154156E-4
1.275421142E0,1.586914062E-3,2.014160156E-3,-1.754760742E-3,3.107140589E-3
1.280426025E0,-5.493164062E-4,9.460449219E-4,3.814697266E-4,1.158563188E-3
1.285430908E0,-5.493164062E-4,-2.243041992E-3,3.814697266E-4,2.340620654E-3
1.290435791E0,-2.685546875E-3,-1.220703125E-4,1.449584961E-3,3.054236359E-3
1.295410156E0,-5.493164062E-4,2.014160156E-3,-6.866455078E-4,2.197742410E-3
1.300415039E0,1.586914062E-3,9.460449219E-4,3.814697266E-4,1.886482544E-3
1.305419922E0,5.187988281E-4,-1.190185547E-3,3.814697266E-4,1.353223194E-3
1.310424805E0,1.586914062E-3,-1.220703125E-4,-6.866455078E-4,1.733401124E-3
1.315429687E0,5.187988281E-4,9.460449219E-4,3.814697266E-4,1.144409180E-3
1.320434570E0,5.187988281E-4,9.460449219E-4,1.449584961E-3,1.807055555E-3
1.325408935E0,1.586914062E-3,9.460449219E-4,-6.866455078E-4,1.970984345E-3
1.330413818E0,-5.493164062E-4,-1.220703125E-4,-6.866455078E-4,8.877678349E-4
1.335418701E0,5.187988281E-4,-1.220703125E-4,-6.866455078E-4,8.692154156E-4
1.340423584E0,-5.493164062E-4,9.460449219E-4,1.449584961E-3,1.816052331E-3
1.345428467E0,2.655029297E-3,-1.220703125E-4,3.814697266E-4,2.685069996E-3
1.350433349E0,5.187988281E-4,-1.220703125E-4,-6.866455078E-4,8.692154156E-4
1.355438232E0,5.187988281E-4,9.460449219E-4,-1.754760742E-3,2.059936523E-3
1.360443115E0,5.187988281E-4,-1.220703125E-4,3.814697266E-4,6.554178343E-4
1.365447998E0,1.586914062E-3,-1.220703125E-4,3.814697266E-4,1.636678513E-3
1.370452881E0,1.586914062E-3,9.460449219E-4,-6.866455078E-4,1.970984345E-3
1.375457763E0,5.187988281E-4,2.014160156E-3,-6.866455078E-4,2.190313999E-3
1.380462646E0,5.187988281E-4,-1.220703125E-4,-6.866455078E-4,8.692154156E-4
1.385437012E0,-5.493164062E-4,-1.190185547E-3,3.814697266E-4,1.365214013E-3
1.390441894E0,-5.493164062E-4,-1.220703125E-4,-6.866455078E-4,8.877678349E-4
1.395446777E0,5.187988281E-4,-1.220703125E-4,-6.866455078E-4,8.692154156E-4
1.400451660E0,5.187988281E-4,-1.220703125E-4,-6.866455078E-4,8.692154156E-4
1.405456543E0,5.187988281E-4,-1.220703125E-4,3.814697266E-4,6.554178343E-4
1.410461426E0,5.187988281E-4,-1.190185547E-3,3.814697266E-4,1.353223194E-3
1.415466308E0,5.187988281E-4,9.460449219E-4,-6.866455078E-4,1.278919572E-3
1.420471191E0,1.586914062E-3,-1.220703125E-4,-6.866455078E-4,1.733401124E-3
1.425476074E0,1.586914062E-3,-1.190185547E-3,3.814697266E-4,2.019989364E-3
1.430480957E0,5.187988281E-4,2.014160156E-3,2.517700195E-3,3.265701706E-3
1.435455322E0,2.655029297E-3,2.014160156E-3,1.449584961E-3,3.634187428E-3
1.440429687E0,1.586914062E-3,-1.220703125E-4,-6.866455078E-4,1.733401124E-3
1.445434570E0,2.655029297E-3,-1.220703125E-4,-1.754760742E-3,3.184849603E-3
1.450439453E0,1.586914062E-3,-1.220703125E-4,-1.754760742E-3,2.369046784E-3
1.455444336E0,-5.493164062E-4,-1.220703125E-4,-1.754760742E-3,1.842779134E-3
1.460449219E0,-1.617431641E-3,2.014160156E-3,-6.866455078E-4,2.672902598E-3
1.465454101E0,5.187988281E-4,9.460449219E-4,-1.754760742E-3,2.059936523E-3
1.470458984E0,5.187988281E-4,-1.220703125E-4,3.814697266E-4,6.554178343E-4
1.475463867E0,-5.493164062E-4,2.014160156E-3,3.814697266E-4,2.122288576E-3
1.480468750E0,5.187988281E-4,9.460449219E-4,-6.866455078E-4,1.278919572E-3
1.485473633E0,5.187988281E-4,-1.220703125E-4,3.814697266E-4,6.554178343E-4
1.490478515E0,5.187988281E-4,-2.243041992E-3,1.449584961E-3,2.720604007E-3
1.495483398E0,5.187988281E-4,2.014160156E-3,3.814697266E-4,2.114595118E-3
1.500488281E0,-1.617431641E-3,-1.220703125E-4,-6.866455078E-4,1.761382504E-3
1.505493164E0,1.586914062E-3,-1.190185547E-3,-6.866455078E-4,2.099123610E-3
1.510498047E0,2.655029297E-3,-1.220703125E-4,3.814697266E-4,2.685069996E-3
1.515472412E0,5.187988281E-4,9.460449219E-4,-6.866455078E-4,1.278919572E-3
1.520477295E0,-5.493164062E-4,2.014160156E-3,3.814697266E-4,2.122288576E-3
1.525482178E0,1.586914062E-3,-1.220703125E-4,1.449584961E-3,2.152787486E-3
1.530487060E0,5.187988281E-4,-2.243041992E-3,3.814697266E-4,2.333647093E-3
1.535491943E0,5.187988281E-4,-1.220703125E-4,-6.866455078E-4,8.692154156E-4
1.540496826E0,2.655029297E-3,9.460449219E-4,3.814697266E-4,2.844239918E-3
1.545501709E0,5.187988281E-4,3.082275391E-3,3.814697266E-4,3.148824060E-3
1.550506592E0,5.187988281E-4,-1.220703125E-4,3.814697266E-4,6.554178343E-4
1.555511474E0,-5.493164062E-4,2.014160156E-3,3.814697266E-4,2.122288576E-3
1.560516357E0,1.586914062E-3,9.460449219E-4,-6.866455078E-4,1.970984345E-3
1.565490722E0,2.655029297E-3,-1.190185547E-3,3.814697266E-4,2.934491669E-3
1.570495605E0,5.187988281E-4,9.460449219E-4,1.449584961E-3,1.807055555E-3
1.575500488E0,-5.493164062E-4,-1.190185547E-3,-6.866455078E-4,1.479787891E-3
1.580505371E0,5.187988281E-4,-1.220703125E-4,-1.754760742E-3,1.833913479E-3
1.585510254E0,5.187988281E-4,9.460449219E-4,-1.754760742E-3,2.059936523E-3
1.590515137E0,5.187988281E-4,-1.220703125E-4,-6.866455078E-4,8.692154156E-4
1.595520019E0,-1.617431641E-3,-1.220703125E-4,1.449584961E-3,2.175381077E-3
1.600524902E0,-1.617431641E-3,-1.220703125E-4,-6.866455078E-4,1.761382504E-3
1.605499267E0,-5.493164062E-4,-1.220703125E-4,-1.754760742E-3,1.842779134E-3
1.610504150E0,5.187988281E-4,-1.220703125E-4,3.814697266E-4,6.554178343E-4
1.615509033E0,-1.617431641E-3,9.460449219E-4,3.814697266E-4,1.912225211E-3
1.620513916E0,-1.617431641E-3,3.082275391E-3,3.814697266E-4,3.501717557E-3
1.625488281E0,5.187988281E-4,2.014160156E-3,1.449584961E-3,2.535210034E-3
1.630493164E0,-1.617431641E-3,9.460449219E-4,2.517700195E-3,3.138455094E-3
1.635498047E0,-5.493164062E-4,2.014160156E-3,3.814697266E-4,2.122288576E-3
1.640502930E0,5.187988281E-4,9.460449219E-4,-6.866455078E-4,1.278919572E-3
1.645507812E0,-1.617431641E-3,-1.220703125E-4,1.449584961E-3,2.175381077E-3
1.650512695E0,-1.617431641E-3,-1.220703125E-4,1.449584961E-3,2.175381077E-3
1.655517578E0,-5.493164062E-4,9.460449219E-4,3.814697266E-4,1.158563188E-3
1.660522461E0,5.187988281E-4,-1.190185547E-3,3.814697266E-4,1.353223194E-3
1.665527344E0,2.655029297E-3,-1.220703125E-4,-6.866455078E-4,2.745098137E-3
1.670532226E0,5.187988281E-4,2.014160156E-3,-6.866455078E-4,2.190313999E-3
1.675537109E0,-1.617431641E-3,9.460449219E-4,1.449584961E-3,2.369046784E-3
1.680541992E0,-5.493164062E-4,9.460449219E-4,1.449584961E-3,1.816052331E-3
1.685516357E0,5.187988281E-4,-1.220703125E-4,3.814697266E-4,6.554178343E-4
1.690521240E0,1.586914062E-3,-1.220703125E-4,3.814697266E-4,1.636678513E-3
1.695526123E0,5.187988281E-4,-1.190185547E-3,3.814697266E-4,1.353223194E-3
1.700531006E0,-5.493164062E-4,-1.220703125E-4,-6.866455078E-4,8.877678349E-4
1.705535888E0,1.586914062E-3,9.460449219E-4,3.814697266E-4,1.886482544E-3
1.710540771E0,1.586914062E-3,-1.220703125E-4,-1.754760742E-3,2.369046784E-3
1.715545654E0,5.187988281E-4,2.014160156E-3,3.814697266E-4,2.114595118E-3
1.720550537E0,-1.617431641E-3,9.460449219E-4,2.517700195E-3,3.138455094E-3
1.725524902E0,-1.617431641E-3,3.082275391E-3,-6.866455078E-4,3.547955573E-3
1.730529785E0,-5.493164062E-4,-1.220703125E-4,3.814697266E-4,6.798299991E-4
1.735534668E0,5.187988281E-4,-1.220703125E-4,2.517700195E-3,2.573493279E-3
1.740539551E0,5.187988281E-4,9.460449219E-4,-6.866455078E-4,1.278919572E-3
1.745544433E0,5.187988281E-4,-1.220703125E-4,-6.866455078E-4,8.692154156E-4
1.750549316E0,1.586914062E-3,9.460449219E-4,-6.866455078E-4,1.970984345E-3
1.755554199E0,1.586914062E-3,2.014160156E-3,3.814697266E-4,2.592422907E-3
1.760559082E0,1.586914062E-3,-1.190185547E-3,3.814697266E-4,2.019989364E-3
1.765563965E0,-1.617431641E-3,-1.190185547E-3,-6.866455078E-4,2.122288576E-3
1.770568847E0,-5.493164062E-4,-1.220703125E-4,-2.807617188E-3,2.863453151E-3
1.775543213E0,1.586914062E-3,-1.190185547E-3,-6.866455078E-4,2.099123610E-3
1.780548096E0,-5.493164062E-4,-1.220703125E-4,-6.866455078E-4,8.877678349E-4
1.785552978E0,-5.493164062E-4,-1.220703125E-4,3.814697266E-4,6.798299991E-4
1.790557861E0,1.586914062E-3,9.460449219E-4,-6.866455078E-4,1.970984345E-3
1.795562744E0,5.187988281E-4,9.460449219E-4,-6.866455078E-4,1.278919572E-3
1.800567627E0,5.187988281E-4,9.460449219E-4,1.449584961E-3,1.807055555E-3
1.805572510E0,-1.617431641E-3,-1.220703125E-4,3.814697266E-4,1.666284917E-3
1.810577392E0,-1.617431641E-3,-2.243041992E-3,-6.866455078E-4,2.849351601E-3
1.815582275E0,-5.493164062E-4,-1.190185547E-3,-1.754760742E-3,2.190313999E-3
1.820587158E0,-5.493164062E-4,-1.220703125E-4,3.814697266E-4,6.798299991E-4
1.825592041E0,-5.493164062E-4,-1.190185547E-3,3.814697266E-4,1.365214013E-3
1.830596924E0,5.187988281E-4,9.460449219E-4,-6.866455078E-4,1.278919572E-3
1.835601806E0,5.187988281E-4,-1.220703125E-4,3.814697266E-4,6.554178343E-4
1.840606689E0,-5.493164062E-4,-2.243041992E-3,1.449584961E-3,2.726588061E-3
1.845581055E0,-5.493164062E-4,2.014160156E-3,-6.866455078E-4,2.197742410E-3
1.850585937E0,-5.493164062E-4,2.014160156E-3,-6.866455078E-4,2.197742410E-3
1.855590820E0,5.187988281E-4,9.460449219E-4,1.449584961E-3,1.807055555E-3
1.860595703E0,5.187988281E-4,2.014160156E-3,1.449584961E-3,2.535210034E-3
1.865600586E0,-1.617431641E-3,2.014160156E-3,-1.754760742E-3,3.122837093E-3
1.870605469E0,1.586914062E-3,-1.220703125E-4,-6.866455078E-4,1.733401124E-3
1.875610351E0,5.187988281E-4,-1.220703125E-4,3.814697266E-4,6.554178343E-4
1.880615234E0,-2.685546875E-3,-1.190185547E-3,-1.754760742E-3,3.421679254E-3
1.885589599E0,-5.493164062E-4,-1.190185547E-3,-6.866455078E-4,1.479787891E-3
1.890594482E0,1.586914062E-3,9.460449219E-4,3.814697266E-4,1.886482544E-3
1.895599365E0,5.187988281E-4,-1.220703125E-4,3.814697266E-4,6.554178343E-4
1.900604248E0,5.187988281E-4,2.014160156E-3,1.449584961E-3,2.535210034E-3
1.905609131E0,-5.493164062E-4,2.014160156E-3,1.449584961E-3,2.541630620E-3
1.910614013E0,-5.493164062E-4,-1.220703125E-4,3.814697266E-4,6.798299991E-4
1.915618896E0,5.187988281E-4,-1.220703125E-4,-6.866455078E-4,8.692154156E-4
1.920623779E0,5.187988281E-4,-1.220703125E-4,1.449584961E-3,1.544457816E-3
1.925598144E0,1.586914062E-3,2.014160156E-3,1.449584961E-3,2.945578710E-3
1.930603027E0,3.707885742E-3,3.082275391E-3,-6.866455078E-4,4.870351149E-3
1.935607910E0,1.586914062E-3,2.014160156E-3,3.814697266E-4,2.592422907E-3
1.940612793E0,-2.685546875E-3,2.014160156E-3,1.449584961E-3,3.656542043E-3
1.945617676E0,-1.617431641E-3,9.460449219E-4,1.449584961E-3,2.369046784E-3
1.950622558E0,-5.493164062E-4,9.460449219E-4,-1.754760742E-3,2.067833352E-3
1.955627441E0,-5.493164062E-4,9.460449219E-4,-6.866455078E-4,1.291600388E-3
1.960632324E0,-5.493164062E-4,9.460449219E-4,3.814697266E-4,1.158563188E-3
1.965637207E0,5.187988281E-4,9.460449219E-4,3.814697266E-4,1.144409180E-3
1.970642090E0,5.187988281E-4,-1.220703125E-4,3.814697266E-4,6.554178343E-4
1.975616455E0,-5.493164062E-4,-1.220703125E-4,3.814697266E-4,6.798299991E-4
1.980621338E0,-1.617431641E-3,9.460449219E-4,3.814697266E-4,1.912225211E-3
1.985626221E0,5.187988281E-4,2.014160156E-3,2.517700195E-3,3.265701706E-3
1.990631103E0,5.187988281E-4,2.014160156E-3,3.814697266E-4,2.114595118E-3
1.995635986E0,-5.493164062E-4,3.082275391E-3,-1.754760742E-3,3.589060512E-3
2.000640869E0,-1.617431641E-3,9.460449219E-4,-2.807617188E-3,3.375470394E-3
2.005645752E0,-1.617431641E-3,2.014160156E-3,3.814697266E-4,2.611215311E-3
2.010650635E0,1.586914062E-3,9.460449219E-4,3.814697266E-4,1.886482544E-3
2.015655517E0,5.187988281E-4,9.460449219E-4,3.814697266E-4,1.144409180E-3
2.020660400E0,-1.617431641E-3,9.460449219E-4,3.814697266E-4,1.912225211E-3
2.025634765E0,-5.493164062E-4,-1.190185547E-3,-6.866455078E-4,1.479787891E-3
2.030639648E0,5.187988281E-4,-1.190185547E-3,1.449584961E-3,1.946019121E-3
2.035644531E0,5.187988281E-4,-2.243041992E-3,-1.754760742E-3,2.894749534E-3
2.040649414E0,-1.617431641E-3,-1.190185547E-3,-6.866455078E-4,2.122288576E-3
2.045654297E0,-1.617431641E-3,-1.190185547E-3,-6.866455078E-4,2.122288576E-3
2.050659180E0,1.586914062E-3,-2.243041992E-3,3.814697266E-4,2.773995813E-3
2.055664062E0,-1.617431641E-3,-1.220703125E-4,-6.866455078E-4,1.761382504E-3
2.060668945E0,-5.493164062E-4,9.460449219E-4,-1.754760742E-3,2.067833352E-3
2.065673828E0,5.187988281E-4,-1.220703125E-4,3.814697266E-4,6.554178343E-4
2.070678711E0,-5.493164062E-4,-1.220703125E-4,-1.754760742E-3,1.842779134E-3
2.075683594E0,-5.493164062E-4,9.460449219E-4,3.814697266E-4,1.158563188E-3
2.080688476E0,5.187988281E-4,2.014160156E-3,3.814697266E-4,2.114595118E-3
2.085693359E0,5.187988281E-4,-1.220703125E-4,3.814697266E-4,6.554178343E-4
2.090698242E0,-5.493164062E-4,-1.190185547E-3,-6.866455078E-4,1.479787891E-3
2.095672607E0,-5.493164062E-4,-1.220703125E-4,-6.866455078E-4,8.877678349E-4
2.100677490E0,1.586914062E-3,-1.220703125E-4,-6.866455078E-4,1.733401124E-3
2.105682373E0,5.187988281E-4,-1.220703125E-4,3.814697266E-4,6.554178343E-4
2.110687256E0,5.187988281E-4,9.460449219E-4,-6.866455078E-4,1.278919572E-3
2.115692138E0,-1.617431641E-3,9.460449219E-4,-6.866455078E-4,1.995637282E-3
2.120697021E0,-2.685546875E-3,-1.220703125E-4,-6.866455078E-4,2.774625242E-3
2.125701904E0,-5.493164062E-4,-1.220703125E-4,3.814697266E-4,6.798299991E-4
2.130706787E0,1.586914062E-3,9.460449219E-4,-6.866455078E-4,1.970984345E-3
2.135681152E0,-5.493164062E-4,9.460449219E-4,3.814697266E-4,1.158563188E-3
2.140686035E0,5.187988281E-4,2.014160156E-3,-6.866455078E-4,2.190313999E-3
2.145690918E0,-1.617431641E-3,-1.220703125E-4,-1.754760742E-3,2.389596522E-3
2.150695801E0,-5.493164062E-4,-1.220703125E-4,-1.754760742E-3,1.842779134E-3
2.155700683E0,1.586914062E-3,-1.220703125E-4,3.814697266E-4,1.636678513E-3
2.160705566E0,5.187988281E-4,-1.220703125E-4,-6.866455078E-4,8.692154156E-4
2.165710449E0,-1.617431641E-3,-1.220703125E-4,-6.866455078E-4,1.761382504E-3
2.170715332E0,5.187988281E-4,2.014160156E-3,3.814697266E-4,2.114595118E-3
2.175689697E0,5.187988281E-4,9.460449219E-4,3.814697266E-4,1.144409180E-3
2.180694580E0,-5.493164062E-4,-1.220703125E-4,1.449584961E-3,1.554974673E-3
2.185699463E0,-1.617431641E-3,-1.220703125E-4,-6.866455078E-4,1.761382504E-3
2.190704346E0,-5.493164062E-4,-1.220703125E-4,1.449584961E-3,1.554974673E-3
2.195678711E0,1.586914062E-3,-1.220703125E-4,3.814697266E-4,1.636678513E-3
2.200683594E0,2.655029297E-3,-1.220703125E-4,-6.866455078E-4,2.745098137E-3
2.205688476E0,-1.617431641E-3,2.014160156E-3,1.449584961E-3,2.962131463E-3
2.210693359E0,-1.617431641E-3,-1.220703125E-4,1.449584961E-3,2.175381077E-3
2.215698242E0,5.187988281E-4,-1.190185547E-3,3.814697266E-4,1.353223194E-3
2.220703125E0,5.187988281E-4,3.082275391E-3,-1.754760742E-3,3.584516574E-3
2.225708008E0,1.586914062E-3,2.014160156E-3,-6.866455078E-4,2.654546935E-3
2.230712890E0,-5.493164062E-4,9.460449219E-4,-1.754760742E-3,2.067833352E-3
2.235717773E0,-5.493164062E-4,-1.190185547E-3,-6.866455078E-4,1.479787891E-3
2.240722656E0,5.187988281E-4,9.460449219E-4,3.814697266E-4,1.144409180E-3
2.245727539E0,-1.617431641E-3,-1.190185547E-3,1.449584961E-3,2.476675858E-3
2.250732422E0,-1.617431641E-3,9.460449219E-4,-1.754760742E-3,2.567152385E-3
2.255737305E0,5.187988281E-4,-1.220703125E-4,-1.754760742E-3,1.833913479E-3
2.260742187E0,5.187988281E-4,9.460449219E-4,3.814697266E-4,1.144409180E-3
2.265747070E0,-5.493164062E-4,2.014160156E-3,3.814697266E-4,2.122288576E-3
2.270751953E0,-5.493164062E-4,-1.220703125E-4,-6.866455078E-4,8.877678349E-4
2.275756836E0,5.187988281E-4,-1.220703125E-4,-1.754760742E-3,1.833913479E-3
2.280761719E0,5.187988281E-4,-1.190185547E-3,-6.866455078E-4,1.468732758E-3
2.285736084E0,-5.493164062E-4,9.460449219E-4,3.814697266E-4,1.158563188E-3
2.290740967E0,-5.493164062E-4,-1.190185547E-3,-6.866455078E-4,1.479787891E-3
2.295745849E0,1.586914062E-3,-1.190185547E-3,-6.866455078E-4,2.099123610E-3
2.300750732E0,2.655029297E-3,2.014160156E-3,-6.866455078E-4,3.402573108E-3
2.305755615E0,5.187988281E-4,2.014160156E-3,3.814697266E-4,2.114595118E-3
2.310760498E0,5.187988281E-4,-1.220703125E-4,1.449584961E-3,1.544457816E-3
2.315734863E0,5.187988281E-4,-1.220703125E-4,-6.866455078E-4,8.692154156E-4
2.320709228E0,5.187988281E-4,3.082275391E-3,-6.866455078E-4,3.200164974E-3
2.325714111E0,1.586914062E-3,2.014160156E-3,1.449584961E-3,2.945578710E-3
2.330718994E0,5.187988281E-4,9.460449219E-4,-6.866455078E-4,1.278919572E-3
2.335723877E0,-5.493164062E-4,-1.220703125E-4,3.814697266E-4,6.798299991E-4
2.340728760E0,1.586914062E-3,-1.220703125E-4,3.814697266E-4,1.636678513E-3
2.345733642E0,5.187988281E-4,-1.220703125E-4,1.449584961E-3,1.544457816E-3
2.350738525E0,5.187988281E-4,-1.220703125E-4,-6.866455078E-4,8.692154156E-4
2.355743408E0,5.187988281E-4,-1.220703125E-4,3.814697266E-4,6.554178343E-4
2.360748291E0,5.187988281E-4,-1.190185547E-3,-6.866455078E-4,1.468732758E-3
2.365753174E0,5.187988281E-4,-1.190185547E-3,1.449584961E-3,1.946019121E-3
2.370758056E0,-5.493164062E-4,-2.243041992E-3,1.449584961E-3,2.726588061E-3
2.375762939E0,5.187988281E-4,-1.190185547E-3,-6.866455078E-4,1.468732758E-3
2.380767822E0,-5.493164062E-4,9.460449219E-4,-6.866455078E-4,1.291600388E-3
2.385772705E0,-5.493164062E-4,2.014160156E-3,-1.754760742E-3,2.727228430E-3
2.390777588E0,5.187988281E-4,9.460449219E-4,-1.754760742E-3,2.059936523E-3
2.395751953E0,1.586914062E-3,-1.220703125E-4,3.814697266E-4,1.636678513E-3
2.400756836E0,5.187988281E-4,-1.190185547E-3,3.814697266E-4,1.353223194E-3
2.405761719E0,-1.617431641E-3,-1.220703125E-4,3.814697266E-4,1.666284917E-3
2.410766601E0,-5.493164062E-4,-1.220703125E-4,3.814697266E-4,6.798299991E-4
2.415771484E0,-5.493164062E-4,9.460449219E-4,-6.866455078E-4,1.291600388E-3
2.420776367E0,-5.493164062E-4,2.014160156E-3,-6.866455078E-4,2.197742410E-3
2.425781250E0,5.187988281E-4,-1.220703125E-4,3.814697266E-4,6.554178343E-4
2.430786133E0,5.187988281E-4,-1.220703125E-4,1.449584961E-3,1.544457816E-3
2.435760498E0,5.187988281E-4,-1.190185547E-3,3.814697266E-4,1.353223194E-3
2.440765381E0,-1.617431641E-3,-1.190185547E-3,-6.866455078E-4,2.122288576E-3
2.445770263E0,1.586914062E-3,9.460449219E-4,-6.866455078E-4,1.970984345E-3
2.450775146E0,1.586914062E-3,2.014160156E-3,1.449584961E-3,2.945578710E-3
2.455780029E0,-5.493164062E-4,9.460449219E-4,-6.866455078E-4,1.291600388E-3
2.460784912E0,-5.493164062E-4,9.460449219E-4,3.814697266E-4,1.158563188E-3
2.465789795E0,5.187988281E-4,9.460449219E-4,-6.866455078E-4,1.278919572E-3
2.470794678E0,2.655029297E-3,-1.220703125E-4,-6.866455078E-4,2.745098137E-3
2.475769043E0,1.586914062E-3,-1.220703125E-4,3.814697266E-4,1.636678513E-3
2.480773926E0,5.187988281E-4,-1.190185547E-3,3.814697266E-4,1.353223194E-3
2.485778808E0,-5.493164062E-4,9.460449219E-4,-6.866455078E-4,1.291600388E-3
2.490783691E0,-5.493164062E-4,-1.220703125E-4,1.449584961E-3,1.554974673E-3
2.495788574E0,5.187988281E-4,2.014160156E-3,-6.866455078E-4,2.190313999E-3
2.500793457E0,1.586914062E-3,4.150390625E-3,-1.754760742E-3,4.777365785E-3
2.505798340E0,1.586914062E-3,9.460449219E-4,-6.866455078E-4,1.970984345E-3
2.510803222E0,5.187988281E-4,-1.220703125E-4,-6.866455078E-4,8.692154156E-4
2.515808105E0,1.586914062E-3,2.014160156E-3,-6.866455078E-4,2.654546935E-3
2.520812988E0,1.586914062E-3,-1.220703125E-4,-1.754760742E-3,2.369046784E-3
2.525817871E0,1.586914062E-3,-1.220703125E-4,-6.866455078E-4,1.733401124E-3
2.530822754E0,5.187988281E-4,-1.220703125E-4,-1.754760742E-3,1.833913479E-3
2.535827637E0,5.187988281E-4,-1.190185547E-3,-1.754760742E-3,2.182860308E-3
2.540832519E0,5.187988281E-4,-2.243041992E-3,3.814697266E-4,2.333647093E-3
2.545837402E0,5.187988281E-4,-1.190185547E-3,3.814697266E-4,1.353223194E-3
2.550842285E0,5.187988281E-4,9.460449219E-4,-6.866455078E-4,1.278919572E-3
2.555816650E0,1.586914062E-3,9.460449219E-4,3.814697266E-4,1.886482544E-3
2.560791015E0,5.187988281E-4,-1.220703125E-4,3.814697266E-4,6.554178343E-4
2.565795898E0,-1.617431641E-3,9.460449219E-4,3.814697266E-4,1.912225211E-3
2.570800781E0,5.187988281E-4,2.014160156E-3,-6.866455078E-4,2.190313999E-3
2.575805664E0,5.187988281E-4,-1.220703125E-4,-1.754760742E-3,1.833913479E-3
2.580810547E0,2.655029297E-3,-1.220703125E-4,3.814697266E-4,2.685069996E-3
2.585815430E0,-5.493164062E-4,-1.190185547E-3,3.814697266E-4,1.365214013E-3
2.590820312E0,-1.617431641E-3,9.460449219E-4,-6.866455078E-4,1.995637282E-3
2.595825195E0,-5.493164062E-4,-1.190185547E-3,-6.866455078E-4,1.479787891E-3
2.600830078E0,5.187988281E-4,9.460449219E-4,-6.866455078E-4,1.278919572E-3
2.605834961E0,1.586914062E-3,9.460449219E-4,3.814697266E-4,1.886482544E-3
2.610839844E0,5.187988281E-4,9.460449219E-4,2.517700195E-3,2.739154521E-3
2.615844726E0,5.187988281E-4,2.014160156E-3,1.449584961E-3,2.535210034E-3
2.620849609E0,-5.493164062E-4,9.460449219E-4,-6.866455078E-4,1.291600388E-3
2.625823974E0,5.187988281E-4,9.460449219E-4,-6.866455078E-4,1.278919572E-3
2.630828857E0,5.187988281E-4,-1.220703125E-4,-6.866455078E-4,8.692154156E-4
2.635833740E0,5.187988281E-4,-1.220703125E-4,3.814697266E-4,6.554178343E-4
2.640838623E0,1.586914062E-3,9.460449219E-4,1.449584961E-3,2.348317226E-3
2.645843506E0,5.187988281E-4,3.082275391E-3,2.517700195E-3,4.013525642E-3
2.650848388E0,1.586914062E-3,9.460449219E-4,3.814697266E-4,1.886482544E-3
2.655853271E0,5.187988281E-4,9.460449219E-4,-6.866455078E-4,1.278919572E-3
2.660858154E0,-5.493164062E-4,9.460449219E-4,3.814697266E-4,1.158563188E-3
2.665863037E0,5.187988281E-4,-1.220703125E-4,1.449584961E-3,1.544457816E-3
2.670867920E0,5.187988281E-4,2.014160156E-3,3.814697266E-4,2.114595118E-3
2.675872803E0,1.586914062E-3,3.082275391E-3,3.814697266E-4,3.487726620E-3
2.680877685E0,1.586914062E-3,9.460449219E-4,1.449584961E-3,2.348317226E-3
2.685852051E0,1.586914062E-3,2.014160156E-3,-1.754760742E-3,3.107140589E-3
2.690856933E0,1.586914062E-3,-1.220703125E-4,-1.754760742E-3,2.369046784E-3
2.695861816E0,2.655029297E-3,-1.220703125E-4,-1.754760742E-3,3.184849603E-3
2.700866699E0,5.187988281E-4,-1.220703125E-4,-1.754760742E-3,1.833913479E-3
2.705871582E0,5.187988281E-4,2.014160156E-3,-6.866455078E-4,2.190313999E-3
2.710876465E0,-5.493164062E-4,-1.220703125E-4,3.814697266E-4,6.798299991E-4
2.715850830E0,-5.493164062E-4,9.460449219E-4,1.449584961E-3,1.816052331E-3
2.720855713E0,5.187988281E-4,3.082275391E-3,1.449584961E-3,3.445412946E-3
2.725860596E0,5.187988281E-4,2.014160156E-3,-1.754760742E-3,2.721245785E-3
2.730865478E0,-5.493164062E-4,-1.220703125E-4,1.449584961E-3,1.554974673E-3
2.735870361E0,-5.493164062E-4,9.460449219E-4,3.814697266E-4,1.158563188E-3
2.740875244E0,-5.493164062E-4,-1.190185547E-3,3.814697266E-4,1.365214013E-3
2.745880127E0,5.187988281E-4,-1.190185547E-3,3.814697266E-4,1.353223194E-3
2.750885010E0,-5.493164062E-4,-1.220703125E-4,-1.754760742E-3,1.842779134E-3
2.755889892E0,-5.493164062E-4,9.460449219E-4,-6.866455078E-4,1.291600388E-3
2.760894775E0,-5.493164062E-4,2.014160156E-3,-6.866455078E-4,2.197742410E-3
2.765899658E0,5.187988281E-4,-1.220703125E-4,-6.866455078E-4,8.692154156E-4
2.770904541E0,-5.493164062E-4,-1.220703125E-4,-6.866455078E-4,8.877678349E-4
2.775909424E0,-1.617431641E-3,9.460449219E-4,3.814697266E-4,1.912225211E-3
2.780914306E0,-5.493164062E-4,-1.220703125E-4,3.814697266E-4,6.798299991E-4
2.785888672E0,5.187988281E-4,-1.190185547E-3,3.814697266E-4,1.353223194E-3
2.790893555E0,1.586914062E-3,-1.220703125E-4,-6.866455078E-4,1.733401124E-3
2.795867920E0,5.187988281E-4,-1.220703125E-4,-2.807617188E-3,2.857755703E-3
2.800872803E0,5.187988281E-4,9.460449219E-4,-1.754760742E-3,2.059936523E-3
2.805877685E0,5.187988281E-4,9.460449219E-4,-6.866455078E-4,1.278919572E-3
2.810882568E0,5.187988281E-4,9.460449219E-4,-6.866455078E-4,1.278919572E-3
2.815887451E0,-2.685546875E-3,-3.311157227E-3,3.814697266E-4,4.280355517E-3
2.820892334E0,1.586914062E-3,-1.220703125E-4,3.814697266E-4,1.636678513E-3
2.825897217E0,-5.493164062E-4,9.460449219E-4,3.814697266E-4,1.158563188E-3
2.830902099E0,-1.617431641E-3,2.014160156E-3,3.814697266E-4,2.611215311E-3
2.835876465E0,5.187988281E-4,9.460449219E-4,3.814697266E-4,1.144409180E-3
2.840881347E0,1.586914062E-3,-1.220703125E-4,1.449584961E-3,2.152787486E-3
2.845886230E0,5.187988281E-4,-1.220703125E-4,1.449584961E-3,1.544457816E-3
2.850891113E0,1.586914062E-3,-1.190185547E-3,3.814697266E-4,2.019989364E-3
2.855895996E0,2.655029297E-3,-1.220703125E-4,1.449584961E-3,3.027437578E-3
2.860900879E0,1.586914062E-3,-1.220703125E-4,1.449584961E-3,2.152787486E-3
2.865905762E0,-5.493164062E-4,2.014160156E-3,3.814697266E-4,2.122288576E-3
2.870910644E0,1.586914062E-3,-1.220703125E-4,3.814697266E-4,1.636678513E-3
2.875915527E0,1.586914062E-3,-1.220703125E-4,-1.754760742E-3,2.369046784E-3
2.880920410E0,-5.493164062E-4,9.460449219E-4,3.814697266E-4,1.158563188E-3
2.885925293E0,-5.493164062E-4,-1.220703125E-4,3.814697266E-4,6.798299991E-4
2.890930176E0,-1.617431641E-3,-1.190185547E-3,-6.866455078E-4,2.122288576E-3
2.895935058E0,-1.617431641E-3,-1.220703125E-4,3.814697266E-4,1.666284917E-3
2.900939941E0,5.187988281E-4,-1.190185547E-3,3.814697266E-4,1.353223194E-3
2.905944824E0,2.655029297E-3,-1.220703125E-4,-1.754760742E-3,3.184849603E-3
2.910949707E0,1.586914062E-3,-1.220703125E-4,-6.866455078E-4,1.733401124E-3
2.915954590E0,1.586914062E-3,-1.220703125E-4,3.814697266E-4,1.636678513E-3
2.920959472E0,1.586914062E-3,-1.190185547E-3,1.449584961E-3,2.456854582E-3
2.925933838E0,-5.493164062E-4,9.460449219E-4,2.517700195E-3,2.745098137E-3
2.930938721E0,5.187988281E-4,-1.190185547E-3,1.449584961E-3,1.946019121E-3
2.935943603E0,2.655029297E-3,9.460449219E-4,-6.866455078E-4,2.900976321E-3
2.940948486E0,5.187988281E-4,9.460449219E-4,-6.866455078E-4,1.278919572E-3
2.945953369E0,3.707885742E-3,2.014160156E-3,-6.866455078E-4,4.275130392E-3
2.950958252E0,2.655029297E-3,2.014160156E-3,3.814697266E-4,3.354331655E-3
2.955932617E0,-5.493164062E-4,9.460449219E-4,-6.866455078E-4,1.291600388E-3
2.960937500E0,5.187988281E-4,9.460449219E-4,-6.866455078E-4,1.278919572E-3
2.965942383E0,1.586914062E-3,2.014160156E-3,-6.866455078E-4,2.654546935E-3
2.970947265E0,5.187988281E-4,9.460449219E-4,-6.866455078E-4,1.278919572E-3
2.975952148E0,-2.685546875E-3,-1.220703125E-4,-6.866455078E-4,2.774625242E-3
2.980957031E0,5.187988281E-4,-2.243041992E-3,3.814697266E-4,2.333647093E-3
2.985931396E0,-5.493164062E-4,-1.220703125E-4,3.814697266E-4,6.798299991E-4
2.990936279E0,-5.493164062E-4,2.014160156E-3,-1.754760742E-3,2.727228430E-3
2.995941162E0,5.187988281E-4,-1.190185547E-3,3.814697266E-4,1.353223194E-3
3.000946045E0,-5.493164062E-4,2.014160156E-3,3.814697266E-4,2.122288576E-3
3.005950928E0,-2.685546875E-3,9.460449219E-4,-6.866455078E-4,2.928932411E-3
3.010955810E0,5.187988281E-4,9.460449219E-4,3.814697266E-4,1.144409180E-3
3.015960693E0,1.586914062E-3,9.460449219E-4,-6.866455078E-4,1.970984345E-3
3.020965576E0,-5.493164062E-4,9.460449219E-4,-6.866455078E-4,1.291600388E-3
3.025970459E0,5.187988281E-4,9.460449219E-4,3.814697266E-4,1.144409180E-3
3.030975342E0,5.187988281E-4,9.460449219E-4,1.449584961E-3,1.807055555E-3
3.035980224E0,1.586914062E-3,9.460449219E-4,-6.866455078E-4,1.970984345E-3
3.040985107E0,5.187988281E-4,9.460449219E-4,-6.866455078E-4,1.278919572E-3
3.045989990E0,2.655029297E-3,2.014160156E-3,3.814697266E-4,3.354331655E-3
3.050994873E0,1.586914062E-3,9.460449219E-4,3.814697266E-4,1.886482544E-3
3.055999756E0,1.586914062E-3,9.460449219E-4,3.814697266E-4,1.886482544E-3
3.061004638E0,1.586914062E-3,-1.220703125E-4,3.814697266E-4,1.636678513E-3
3.066009521E0,1.586914062E-3,-2.243041992E-3,-6.866455078E-4,2.832139769E-3
3.071014404E0,1.586914062E-3,-1.220703125E-4,1.449584961E-3,2.152787486E-3
3.075988769E0,-5.493164062E-4,9.460449219E-4,-6.866455078E-4,1.291600388E-3
3.080963135E0,5.187988281E-4,-1.220703125E-4,-6.866455078E-4,8.692154156E-4
3.085998535E0,5.187988281E-4,-1.190185547E-3,3.814697266E-4,1.353223194E-3
3.091003418E0,-5.493164062E-4,-1.220703125E-4,3.814697266E-4,6.798299991E-4
3.096008301E0,1.586914062E-3,-1.220703125E-4,3.814697266E-4,1.636678513E-3
3.101013183E0,1.586914062E-3,9.460449219E-4,-6.866455078E-4,1.970984345E-3
3.106018066E0,1.586914062E-3,-1.220703125E-4,1.449584961E-3,2.152787486E-3
3.111022949E0,-5.493164062E-4,-1.220703125E-4,1.449584961E-3,1.554974673E-3
3.115997314E0,-5.493164062E-4,-1.190185547E-3,-6.866455078E-4,1.479787891E-3
3.120971680E0,-1.617431641E-3,-1.190185547E-3,3.814697266E-4,2.044051345E-3
3.125976562E0,-5.493164062E-4,9.460449219E-4,-6.866455078E-4,1.291600388E-3
3.130981445E0,1.586914062E-3,-1.220703125E-4,3.814697266E-4,1.636678513E-3
3.135986328E0,5.187988281E-4,-1.220703125E-4,3.814697266E-4,6.554178343E-4
3.140991211E0,5.187988281E-4,-1.190185547E-3,3.814697266E-4,1.353223194E-3
3.145996094E0,-2.685546875E-3,9.460449219E-4,3.814697266E-4,2.872748190E-3
3.151000976E0,5.187988281E-4,-1.190185547E-3,-6.866455078E-4,1.468732758E-3
3.156005859E0,1.586914062E-3,-1.220703125E-4,3.814697266E-4,1.636678513E-3
3.161010742E0,1.586914062E-3,3.082275391E-3,3.814697266E-4,3.487726620E-3
3.166015625E0,1.586914062E-3,3.082275391E-3,-6.866455078E-4,3.534147688E-3
3.171020508E0,-5.493164062E-4,3.082275391E-3,3.814697266E-4,3.153995759E-3
3.176025390E0,-1.617431641E-3,2.014160156E-3,3.814697266E-4,2.611215311E-3
3.181030273E0,-5.493164062E-4,3.082275391E-3,-6.866455078E-4,3.205253836E-3
3.186004638E0,5.187988281E-4,2.014160156E-3,-6.866455078E-4,2.190313999E-3
3.191009521E0,5.187988281E-4,2.014160156E-3,-1.754760742E-3,2.721245785E-3
3.196014404E0,1.586914062E-3,2.014160156E-3,3.814697266E-4,2.592422907E-3
3.201019287E0,1.586914062E-3,-1.220703125E-4,-6.866455078E-4,1.733401124E-3
3.206024170E0,1.586914062E-3,-1.190185547E-3,3.814697266E-4,2.019989364E-3
3.211029053E0,1.586914062E-3,-1.190185547E-3,1.449584961E-3,2.456854582E-3
3.216033935E0,5.187988281E-4,9.460449219E-4,-6.866455078E-4,1.278919572E-3
3.221038818E0,1.586914062E-3,2.014160156E-3,-6.866455078E-4,2.654546935E-3
3.226013183E0,-5.493164062E-4,9.460449219E-4,-6.866455078E-4,1.291600388E-3
3.231018066E0,5.187988281E-4,-1.220703125E-4,1.449584961E-3,1.544457816E-3
3.236022949E0,1.586914062E-3,-1.220703125E-4,3.814697266E-4,1.636678513E-3
3.241027832E0,-5.493164062E-4,9.460449219E-4,-1.754760742E-3,2.067833352E-3
3.246032715E0,-1.617431641E-3,-1.220703125E-4,-6.866455078E-4,1.761382504E-3
3.251037597E0,-1.617431641E-3,-1.190185547E-3,-6.866455078E-4,2.122288576E-3
3.256042480E0,-5.493164062E-4,9.460449219E-4,-6.866455078E-4,1.291600388E-3
3.261047363E0,1.586914062E-3,3.082275391E-3,-6.866455078E-4,3.534147688E-3
3.266021728E0,1.586914062E-3,-1.220703125E-4,-6.866455078E-4,1.733401124E-3
3.271026611E0,5.187988281E-4,-2.243041992E-3,1.449584961E-3,2.720604007E-3
3.276031494E0,5.187988281E-4,-1.190185547E-3,-6.866455078E-4,1.468732758E-3
3.281036377E0,-5.493164062E-4,9.460449219E-4,-1.754760742E-3,2.067833352E-3
3.286041260E0,5.187988281E-4,4.150390625E-3,-1.754760742E-3,4.535865940E-3
3.291046142E0,5.187988281E-4,-1.220703125E-4,3.814697266E-4,6.554178343E-4
3.296051025E0,5.187988281E-4,-1.220703125E-4,3.814697266E-4,6.554178343E-4
3.301055908E0,-1.617431641E-3,-1.220703125E-4,-6.866455078E-4,1.761382504E-3
3.306060791E0,5.187988281E-4,-1.220703125E-4,3.814697266E-4,6.554178343E-4
3.311065674E0,1.586914062E-3,9.460449219E-4,-1.754760742E-3,2.548035027E-3
3.316070556E0,-5.493164062E-4,-1.220703125E-4,-6.866455078E-4,8.877678349E-4
3.321075439E0,-5.493164062E-4,-1.220703125E-4,3.814697266E-4,6.798299991E-4
3.326049805E0,5.187988281E-4,9.460449219E-4,3.814697266E-4,1.144409180E-3
3.331054687E0,5.187988281E-4,2.014160156E-3,-6.866455078E-4,2.190313999E-3
3.336059570E0,1.586914062E-3,9.460449219E-4,-1.754760742E-3,2.548035027E-3
3.341064453E0,1.586914062E-3,-1.190185547E-3,3.814697266E-4,2.019989364E-3
3.346069336E0,-5.493164062E-4,-1.220703125E-4,3.814697266E-4,6.798299991E-4
3.351074219E0,5.187988281E-4,-1.220703125E-4,-6.866455078E-4,8.692154156E-4
3.356079101E0,5.187988281E-4,-1.190185547E-3,-1.754760742E-3,2.182860308E-3
3.361083984E0,1.586914062E-3,-1.190185547E-3,-6.866455078E-4,2.099123610E-3
3.366088867E0,5.187988281E-4,-1.220703125E-4,3.814697266E-4,6.554178343E-4
3.371093750E0,-5.493164062E-4,9.460449219E-4,3.814697266E-4,1.158563188E-3
3.376068115E0,1.586914062E-3,-1.190185547E-3,3.814697266E-4,2.019989364E-3
3.381072998E0,1.586914062E-3,9.460449219E-4,-1.754760742E-3,2.548035027E-3
3.386077881E0,-5.493164062E-4,9.460449219E-4,-6.866455078E-4,1.291600388E-3
3.391082763E0,-1.617431641E-3,-1.220703125E-4,-6.866455078E-4,1.761382504E-3
3.396087646E0,5.187988281E-4,-1.220703125E-4,-6.866455078E-4,8.692154156E-4
3.401092529E0,5.187988281E-4,-1.220703125E-4,3.814697266E-4,6.554178343E-4
3.406097412E0,5.187988281E-4,-1.190185547E-3,-6.866455078E-4,1.468732758E-3
3.411102295E0,5.187988281E-4,9.460449219E-4,-6.866455078E-4,1.278919572E-3
3.416107178E0,1.586914062E-3,2.014160156E-3,-6.866455078E-4,2.654546935E-3
3.421112060E0,1.586914062E-3,-1.220703125E-4,-2.807617188E-3,3.227369157E-3
3.426086426E0,-5.493164062E-4,-1.220703125E-4,-6.866455078E-4,8.877678349E-4
3.431091308E0,5.187988281E-4,-1.220703125E-4,3.814697266E-4,6.554178343E-4
3.436096191E0,1.586914062E-3,9.460449219E-4,1.449584961E-3,2.348317226E-3
3.441101074E0,2.655029297E-3,9.460449219E-4,3.814697266E-4,2.844239918E-3
3.446105957E0,2.655029297E-3,-1.190185547E-3,1.449584961E-3,3.250695120E-3
3.451110840E0,5.187988281E-4,-1.220703125E-4,-6.866455078E-4,8.692154156E-4
3.456115722E0,5.187988281E-4,2.014160156E-3,-6.866455078E-4,2.190313999E-3
3.461120605E0,5.187988281E-4,9.460449219E-4,-6.866455078E-4,1.278919572E-3
3.466125488E0,2.655029297E-3,9.460449219E-4,-6.866455078E-4,2.900976321E-3
3.471130371E0,1.586914062E-3,9.460449219E-4,-6.866455078E-4,1.970984345E-3
3.476135254E0,5.187988281E-4,9.460449219E-4,-6.866455078E-4,1.278919572E-3
3.481140137E0,-5.493164062E-4,9.460449219E-4,-6.866455078E-4,1.291600388E-3
3.486114502E0,5.187988281E-4,9.460449219E-4,-6.866455078E-4,1.278919572E-3
3.491119385E0,5.187988281E-4,9.460449219E-4,-6.866455078E-4,1.278919572E-3
3.496124267E0,5.187988281E-4,9.460449219E-4,3.814697266E-4,1.144409180E-3
3.501129150E0,1.586914062E-3,9.460449219E-4,-6.866455078E-4,1.970984345E-3
3.506134033E0,1.586914062E-3,-1.220703125E-4,3.814697266E-4,1.636678513E-3
3.511138916E0,-5.493164062E-4,2.014160156E-3,1.449584961E-3,2.541630620E-3
3.516143799E0,-1.617431641E-3,-1.220703125E-4,1.449584961E-3,2.175381077E-3
3.521148681E0,-5.493164062E-4,-1.220703125E-4,3.814697266E-4,6.798299991E-4
3.526123047E0,1.586914062E-3,9.460449219E-4,-6.866455078E-4,1.970984345E-3
3.531127930E0,-5.493164062E-4,2.014160156E-3,-1.754760742E-3,2.727228430E-3
3.536132812E0,-5.493164062E-4,-1.220703125E-4,-6.866455078E-4,8.877678349E-4
3.541137695E0,5.187988281E-4,-1.220703125E-4,-6.866455078E-4,8.692154156E-4
3.546142578E0,-2.685546875E-3,9.460449219E-4,-1.754760742E-3,3.344599868E-3
3.551147461E0,-5.493164062E-4,2.014160156E-3,-6.866455078E-4,2.197742410E-3
3.556152344E0,1.586914062E-3,-1.190185547E-3,1.449584961E-3,2.456854582E-3
3.561157226E0,5.187988281E-4,-1.220703125E-4,1.449584961E-3,1.544457816E-3
3.566131592E0,-2.685546875E-3,-1.220703125E-4,-6.866455078E-4,2.774625242E-3
3.571136474E0,-1.617431641E-3,-1.190185547E-3,3.814697266E-4,2.044051345E-3
3.576141357E0,5.187988281E-4,-1.220703125E-4,2.517700195E-3,2.573493279E-3
3.581146240E0,-5.493164062E-4,-1.190185547E-3,-6.866455078E-4,1.479787891E-3
3.586151123E0,5.187988281E-4,-1.190185547E-3,-1.754760742E-3,2.182860308E-3
3.591156006E0,-5.493164062E-4,-1.190185547E-3,-6.866455078E-4,1.479787891E-3
3.596160888E0,1.586914062E-3,-1.190185547E-3,3.814697266E-4,2.019989364E-3
3.601165771E0,-5.493164062E-4,9.460449219E-4,-2.807617188E-3,3.013214858E-3
3.606140137E0,-5.493164062E-4,-1.220703125E-4,-6.866455078E-4,8.877678349E-4
3.611145019E0,5.187988281E-4,-1.220703125E-4,3.814697266E-4,6.554178343E-4
3.616149902E0,3.707885742E-3,9.460449219E-4,1.449584961E-3,4.092030575E-3
3.621154785E0,5.187988281E-4,9.460449219E-4,3.570556641E-3,3.730017150E-3
3.626159668E0,-5.493164062E-4,-1.220703125E-4,2.517700195E-3,2.579818588E-3
3.631164551E0,-5.493164062E-4,-1.190185547E-3,-6.866455078E-4,1.479787891E-3
3.636169433E0,5.187988281E-4,-1.190185547E-3,-6.866455078E-4,1.468732758E-3
3.641174316E0,5.187988281E-4,-1.220703125E-4,3.814697266E-4,6.554178343E-4
3.646179199E0,5.187988281E-4,-1.220703125E-4,3.814697266E-4,6.554178343E-4
3.651184082E0,5.187988281E-4,2.014160156E-3,3.814697266E-4,2.114595118E-3
3.656188965E0,-1.617431641E-3,9.460449219E-4,3.814697266E-4,1.912225211E-3
3.661193847E0,1.586914062E-3,-1.190185547E-3,3.814697266E-4,2.019989364E-3
3.666168213E0,2.655029297E-3,-1.220703125E-4,-6.866455078E-4,2.745098137E-3
3.671173096E0,4.776000977E-3,-2.243041992E-3,3.814697266E-4,5.290268600E-3
3.676177978E0,5.187988281E-4,-1.220703125E-4,-6.866455078E-4,8.692154156E-4
3.681182861E0,1.586914062E-3,9.460449219E-4,-1.754760742E-3,2.548035027E-3
3.686187744E0,1.586914062E-3,9.460449219E-4,3.814697266E-4,1.886482544E-3
3.691192627E0,5.187988281E-4,-1.190185547E-3,3.814697266E-4,1.353223194E-3
3.696197510E0,-1.617431641E-3,-1.220703125E-4,1.449584961E-3,2.175381077E-3
3.701202392E0,5.187988281E-4,-1.190185547E-3,3.814697266E-4,1.353223194E-3
3.706207275E0,1.586914062E-3,-1.220703125E-4,-1.754760742E-3,2.369046784E-3
3.711212158E0,-5.493164062E-4,2.014160156E-3,-6.866455078E-4,2.197742410E-3
3.716186523E0,-1.617431641E-3,-1.220703125E-4,1.449584961E-3,2.175381077E-3
3.721191406E0,5.187988281E-4,-1.220703125E-4,1.449584961E-3,1.544457816E-3
3.726196289E0,1.586914062E-3,9.460449219E-4,3.814697266E-4,1.886482544E-3
3.731201172E0,2.655029297E-3,-1.220703125E-4,3.814697266E-4,2.685069996E-3
3.736206055E0,1.586914062E-3,9.460449219E-4,3.814697266E-4,1.886482544E-3
3.741210937E0,-1.617431641E-3,-2.243041992E-3,3.814697266E-4,2.791566163E-3
3.746215820E0,5.187988281E-4,9.460449219E-4,3.814697266E-4,1.144409180E-3
3.751220703E0,1.586914062E-3,9.460449219E-4,1.449584961E-3,2.348317226E-3
3.756225586E0,1.586914062E-3,-1.220703125E-4,-1.754760742E-3,2.369046784E-3
3.761230469E0,-5.493164062E-4,-1.220703125E-4,1.449584961E-3,1.554974673E-3
3.766235351E0,-1.617431641E-3,3.082275391E-3,-6.866455078E-4,3.547955573E-3
3.771240234E0,5.187988281E-4,3.082275391E-3,-6.866455078E-4,3.200164974E-3
3.776214599E0,-5.493164062E-4,9.460449219E-4,3.814697266E-4,1.158563188E-3
3.781219482E0,5.187988281E-4,-1.220703125E-4,-1.754760742E-3,1.833913479E-3
3.786224365E0,1.586914062E-3,-1.190185547E-3,-1.754760742E-3,2.648400110E-3
3.791229248E0,2.655029297E-3,-1.190185547E-3,-6.866455078E-4,2.989515723E-3
3.796234131E0,1.586914062E-3,-2.243041992E-3,-6.866455078E-4,2.832139769E-3
3.801239013E0,5.187988281E-4,-1.220703125E-4,-6.866455078E-4,8.692154156E-4
3.806243896E0,5.187988281E-4,9.460449219E-4,-6.866455078E-4,1.278919572E-3
3.811248779E0,5.187988281E-4,-1.190185547E-3,3.814697266E-4,1.353223194E-3
3.816223144E0,5.187988281E-4,-1.190185547E-3,3.814697266E-4,1.353223194E-3
3.821228027E0,5.187988281E-4,-1.220703125E-4,-1.754760742E-3,1.833913479E-3
3.826232910E0,1.586914062E-3,-1.220703125E-4,-2.807617188E-3,3.227369157E-3
3.831237793E0,1.586914062E-3,-1.220703125E-4,1.449584961E-3,2.152787486E-3
3.836242676E0,-5.493164062E-4,9.460449219E-4,1.449584961E-3,1.816052331E-3
3.841247558E0,5.187988281E-4,9.460449219E-4,1.449584961E-3,1.807055555E-3
3.846252441E0,5.187988281E-4,-2.243041992E-3,3.814697266E-4,2.333647093E-3
3.851257324E0,1.586914062E-3,-1.190185547E-3,3.814697266E-4,2.019989364E-3
3.856231689E0,1.586914062E-3,-1.220703125E-4,1.449584961E-3,2.152787486E-3
3.861236572E0,5.187988281E-4,2.014160156E-3,3.814697266E-4,2.114595118E-3
3.866241455E0,5.187988281E-4,-1.220703125E-4,-6.866455078E-4,8.692154156E-4
3.871246338E0,5.187988281E-4,-2.243041992E-3,3.814697266E-4,2.333647093E-3
3.876251221E0,-5.493164062E-4,9.460449219E-4,3.814697266E-4,1.158563188E-3
3.881256103E0,1.586914062E-3,2.014160156E-3,3.814697266E-4,2.592422907E-3
3.886230469E0,1.586914062E-3,9.460449219E-4,3.814697266E-4,1.886482544E-3
3.891235351E0,5.187988281E-4,-2.243041992E-3,-6.866455078E-4,2.402471989E-3
3.896240234E0,5.187988281E-4,-1.220703125E-4,-1.754760742E-3,1.833913479E-3
3.901245117E0,5.187988281E-4,2.014160156E-3,1.449584961E-3,2.535210034E-3
3.906250000E0,-1.617431641E-3,-1.220703125E-4,3.814697266E-4,1.666284917E-3
3.911254883E0,-5.493164062E-4,-1.220703125E-4,-1.754760742E-3,1.842779134E-3
3.916259765E0,-1.617431641E-3,9.460449219E-4,-6.866455078E-4,1.995637282E-3
3.921264648E0,-1.617431641E-3,9.460449219E-4,3.814697266E-4,1.912225211E-3
3.926269531E0,-1.617431641E-3,9.460449219E-4,-6.866455078E-4,1.995637282E-3
3.931274414E0,-5.493164062E-4,-1.220703125E-4,-6.866455078E-4,8.877678349E-4
3.936248779E0,5.187988281E-4,-1.220703125E-4,-6.866455078E-4,8.692154156E-4
3.941253662E0,5.187988281E-4,-1.220703125E-4,3.814697266E-4,6.554178343E-4
3.946258545E0,5.187988281E-4,-1.190185547E-3,3.814697266E-4,1.353223194E-3
3.951263428E0,5.187988281E-4,-1.220703125E-4,3.814697266E-4,6.554178343E-4
3.956268310E0,4.119873047E-4,4.882812500E-4,4.425048828E-4,7.771503649E-4
3.961273193E0,4.119873047E-4,-5.798339844E-4,4.425048828E-4,8.377061298E-4
3.966278076E0,4.119873047E-4,-5.798339844E-4,-1.693725586E-3,1.837021325E-3
3.971282959E0,4.119873047E-4,-5.798339844E-4,-6.256103516E-4,9.472746701E-4
3.976287842E0,4.119873047E-4,1.556396484E-3,-6.256103516E-4,1.727278746E-3
3.981292724E0,-1.724243164E-3,4.882812500E-4,1.510620117E-3,2.343801657E-3
3.986267090E0,4.119873047E-4,-2.700805664E-3,1.510620117E-3,3.121867696E-3
3.991271972E0,1.480102539E-3,-1.647949219E-3,4.425048828E-4,2.258816222E-3
3.996246338E0,4.119873047E-4,4.882812500E-4,1.510620117E-3,1.640160131E-3
4.001251221E0,4.119873047E-4,-2.700805664E-3,-6.256103516E-4,2.802761689E-3
4.006256103E0,4.119873047E-4,4.882812500E-4,4.425048828E-4,7.771503649E-4
4.011260986E0,1.480102539E-3,-5.798339844E-4,1.510620117E-3,2.192916805E-3
4.016265869E0,1.480102539E-3,4.882812500E-4,4.425048828E-4,1.620164398E-3
4.021270752E0,2.548217773E-3,-5.798339844E-4,-6.256103516E-4,2.687193626E-3
4.026275635E0,2.548217773E-3,-1.647949219E-3,-1.693725586E-3,3.475321109E-3
4.031280517E0,4.119873047E-4,4.882812500E-4,-6.256103516E-4,8.941702468E-4
4.036285400E0,4.119873047E-4,1.556396484E-3,1.510620117E-3,2.207731119E-3
4.041290283E0,4.119873047E-4,4.882812500E-4,1.510620117E-3,1.640160131E-3
4.046295166E0,4.119873047E-4,-1.647949219E-3,4.425048828E-4,1.755357724E-3
4.051300049E0,-6.561279297E-4,4.882812500E-4,-1.693725586E-3,1.880858527E-3
4.056304931E0,4.119873047E-4,4.882812500E-4,2.578735352E-3,2.656694964E-3
4.061309814E0,1.480102539E-3,4.882812500E-4,4.425048828E-4,1.620164398E-3
4.066284180E0,4.119873047E-4,4.882812500E-4,-1.693725586E-3,1.810209512E-3
4.071289062E0,-6.561279297E-4,-5.798339844E-4,-6.256103516E-4,1.076150371E-3
4.076293945E0,4.119873047E-4,-5.798339844E-4,-6.256103516E-4,9.472746701E-4
4.081298828E0,1.480102539E-3,-5.798339844E-4,-6.256103516E-4,1.708303043E-3
4.086303711E0,2.548217773E-3,-1.647949219E-3,4.425048828E-4,3.066750890E-3
4.091308594E0,-6.561279297E-4,-2.700805664E-3,-1.693725586E-3,3.254775177E-3
4.096313476E0,-1.724243164E-3,4.882812500E-4,-6.256103516E-4,1.898109949E-3
4.101318359E0,-6.561279297E-4,4.882812500E-4,4.425048828E-4,9.299102164E-4
4.106323242E0,4.119873047E-4,4.882812500E-4,-6.256103516E-4,8.941702468E-4
4.111328125E0,-1.724243164E-3,-5.798339844E-4,4.425048828E-4,1.872173205E-3
4.116333008E0,4.119873047E-4,4.882812500E-4,-6.256103516E-4,8.941702468E-4
4.121337890E0,4.119873047E-4,-5.798339844E-4,-1.693725586E-3,1.837021325E-3
4.126312256E0,-6.561279297E-4,-5.798339844E-4,-1.693725586E-3,1.906677128E-3
4.131317138E0,-6.561279297E-4,-5.798339844E-4,4.425048828E-4,9.810819950E-4
4.136322021E0,-6.561279297E-4,-1.647949219E-3,4.425048828E-4,1.828127747E-3
4.141326904E0,-1.724243164E-3,-1.647949219E-3,-6.256103516E-4,2.465793874E-3
4.146331787E0,-6.561279297E-4,-1.647949219E-3,-6.256103516E-4,1.880858527E-3
4.151336670E0,4.119873047E-4,-5.798339844E-4,4.425048828E-4,8.377061298E-4
4.156341553E0,-6.561279297E-4,1.556396484E-3,-6.256103516E-4,1.801183552E-3
4.161346435E0,-6.561279297E-4,-5.798339844E-4,4.425048828E-4,9.810819950E-4
4.166320801E0,3.601074219E-3,-1.647949219E-3,1.510620117E-3,4.238566420E-3
4.171325683E0,4.119873047E-4,-5.798339844E-4,4.425048828E-4,8.377061298E-4
4.176330566E0,-6.561279297E-4,4.882812500E-4,4.425048828E-4,9.299102164E-4
4.181335449E0,-6.561279297E-4,3.692626953E-3,-6.256103516E-4,3.802286942E-3
4.186340332E0,4.119873047E-4,4.882812500E-4,4.425048828E-4,7.771503649E-4
4.191345215E0,2.548217773E-3,-1.647949219E-3,-1.693725586E-3,3.475321109E-3
4.196350097E0,4.119873047E-4,4.882812500E-4,-6.256103516E-4,8.941702468E-4
4.201354980E0,4.119873047E-4,4.882812500E-4,-6.256103516E-4,8.941702468E-4
4.206359863E0,1.480102539E-3,1.556396484E-3,1.510620117E-3,2.625842090E-3
4.211364746E0,4.119873047E-4,1.556396484E-3,-6.256103516E-4,1.727278746E-3
4.216339111E0,1.480102539E-3,-5.798339844E-4,4.425048828E-4,1.650067134E-3
4.221343994E0,4.119873047E-4,4.882812500E-4,4.425048828E-4,7.771503649E-4
4.226348877E0,-6.561279297E-4,4.882812500E-4,1.510620117E-3,1.717817097E-3
4.231353760E0,1.480102539E-3,4.882812500E-4,-6.256103516E-4,1.679437530E-3
4.236358642E0,4.119873047E-4,1.556396484E-3,-6.256103516E-4,1.727278746E-3
4.241363525E0,-6.561279297E-4,1.556396484E-3,4.425048828E-4,1.746048238E-3
4.246368408E0,-6.561279297E-4,1.556396484E-3,4.425048828E-4,1.746048238E-3
4.251373291E0,4.119873047E-4,-5.798339844E-4,4.425048828E-4,8.377061298E-4
4.256347656E0,4.119873047E-4,4.882812500E-4,-6.256103516E-4,8.941702468E-4
4.261352539E0,-2.792358398E-3,-5.798339844E-4,-6.256103516E-4,2.919736493E-3
4.266357422E0,4.119873047E-4,-2.700805664E-3,-1.693725586E-3,3.214465917E-3
4.271362305E0,4.119873047E-4,4.882812500E-4,-2.746582031E-3,2.819905135E-3
4.276367187E0,-1.724243164E-3,1.556396484E-3,-6.256103516E-4,2.405571204E-3
4.281372070E0,-6.561279297E-4,-5.798339844E-4,4.425048828E-4,9.810819950E-4
4.286376953E0,4.119873047E-4,1.556396484E-3,-6.256103516E-4,1.727278746E-3
4.291381836E0,4.119873047E-4,2.624511719E-3,-6.256103516E-4,2.729319258E-3
4.296386719E0,4.119873047E-4,4.882812500E-4,-6.256103516E-4,8.941702468E-4
4.301391601E0,1.480102539E-3,4.882812500E-4,-1.693725586E-3,2.301701211E-3
4.306396484E0,1.480102539E-3,4.882812500E-4,4.425048828E-4,1.620164398E-3
4.311401367E0,-1.724243164E-3,4.882812500E-4,-6.256103516E-4,1.898109949E-3
4.316406250E0,-6.561279297E-4,4.882812500E-4,-6.256103516E-4,1.029713917E-3
4.321411133E0,-6.561279297E-4,4.882812500E-4,-1.693725586E-3,1.880858527E-3
4.326385498E0,4.119873047E-4,-5.798339844E-4,4.425048828E-4,8.377061298E-4
4.331390381E0,-6.561279297E-4,4.882812500E-4,4.425048828E-4,9.299102164E-4
4.336395263E0,-1.724243164E-3,1.556396484E-3,1.510620117E-3,2.770804512E-3
4.341400146E0,-6.561279297E-4,-5.798339844E-4,-6.256103516E-4,1.076150371E-3
4.346405029E0,4.119873047E-4,4.882812500E-4,-6.256103516E-4,8.941702468E-4
4.351409912E0,-6.561279297E-4,-1.647949219E-3,-6.256103516E-4,1.880858527E-3
4.356414795E0,4.119873047E-4,-5.798339844E-4,-1.693725586E-3,1.837021325E-3
4.361419678E0,4.119873047E-4,-5.798339844E-4,4.425048828E-4,8.377061298E-4
4.366394043E0,4.119873047E-4,-5.798339844E-4,4.425048828E-4,8.377061298E-4
4.371398926E0,4.119873047E-4,-5.798339844E-4,-6.256103516E-4,9.472746701E-4
4.376403808E0,-6.561279297E-4,-5.798339844E-4,-1.693725586E-3,1.906677128E-3
4.381408691E0,4.119873047E-4,4.882812500E-4,-6.256103516E-4,8.941702468E-4
4.386413574E0,4.119873047E-4,4.882812500E-4,-1.693725586E-3,1.810209512E-3
4.391418457E0,-6.561279297E-4,4.882812500E-4,-6.256103516E-4,1.029713917E-3
4.396392822E0,4.119873047E-4,-1.647949219E-3,1.510620117E-3,2.273201114E-3
4.401397705E0,4.119873047E-4,4.882812500E-4,4.425048828E-4,7.771503649E-4
4.406402588E0,-6.561279297E-4,-5.798339844E-4,4.425048828E-4,9.810819950E-4
4.411407471E0,1.480102539E-3,4.882812500E-4,1.510620117E-3,2.170505758E-3
4.416412353E0,1.480102539E-3,-5.798339844E-4,4.425048828E-4,1.650067134E-3
4.421417236E0,1.480102539E-3,4.882812500E-4,-1.693725586E-3,2.301701211E-3
4.426422119E0,-6.561279297E-4,-5.798339844E-4,-6.256103516E-4,1.076150371E-3
4.431427002E0,-6.561279297E-4,1.556396484E-3,1.510620117E-3,2.266020083E-3
4.436401367E0,4.119873047E-4,1.556396484E-3,1.510620117E-3,2.207731119E-3
4.441406250E0,1.480102539E-3,-5.798339844E-4,-6.256103516E-4,1.708303043E-3
4.446411133E0,2.548217773E-3,2.624511719E-3,-1.693725586E-3,4.031151441E-3
4.451416015E0,1.480102539E-3,1.556396484E-3,-6.256103516E-4,2.237065456E-3
4.456420898E0,-1.724243164E-3,4.882812500E-4,1.510620117E-3,2.343801657E-3
4.461425781E0,4.119873047E-4,-1.647949219E-3,4.425048828E-4,1.755357724E-3
4.466430664E0,4.119873047E-4,-5.798339844E-4,1.510620117E-3,1.669704802E-3
4.471435547E0,4.119873047E-4,4.882812500E-4,4.425048828E-4,7.771503649E-4
4.476440430E0,4.119873047E-4,-5.798339844E-4,-6.256103516E-4,9.472746701E-4
4.481445312E0,4.119873047E-4,-1.647949219E-3,-6.256103516E-4,1.810209512E-3
4.486450195E0,4.119873047E-4,-5.798339844E-4,4.425048828E-4,8.377061298E-4
4.491455078E0,1.480102539E-3,-5.798339844E-4,-6.256103516E-4,1.708303043E-3
4.496459961E0,2.548217773E-3,-5.798339844E-4,4.425048828E-4,2.650553120E-3
4.501464844E0,-6.561279297E-4,4.882812500E-4,-6.256103516E-4,1.029713917E-3
4.506469726E0,-6.561279297E-4,-2.700805664E-3,-6.256103516E-4,2.848902141E-3
4.511474609E0,1.480102539E-3,-1.647949219E-3,-6.256103516E-4,2.301701211E-3
4.516448974E0,1.480102539E-3,4.882812500E-4,2.578735352E-3,3.013137587E-3
4.521423340E0,1.480102539E-3,-1.647949219E-3,-6.256103516E-4,2.301701211E-3
4.526428222E0,4.119873047E-4,-1.647949219E-3,-6.256103516E-4,1.810209512E-3
4.531433105E0,-1.724243164E-3,4.882812500E-4,4.425048828E-4,1.845872054E-3
4.536437988E0,1.480102539E-3,2.624511719E-3,4.425048828E-4,3.045418832E-3
4.541442871E0,4.119873047E-4,-5.798339844E-4,4.425048828E-4,8.377061298E-4
4.546447754E0,-6.561279297E-4,4.882812500E-4,-6.256103516E-4,1.029713917E-3
4.551452637E0,1.480102539E-3,-5.798339844E-4,1.510620117E-3,2.192916805E-3
4.556457519E0,-6.561279297E-4,1.556396484E-3,-6.256103516E-4,1.801183552E-3
4.561462402E0,-2.792358398E-3,1.556396484E-3,-6.256103516E-4,3.257456639E-3
4.566467285E0,-6.561279297E-4,-3.768920898E-3,4.425048828E-4,3.851114017E-3
4.571472168E0,4.119873047E-4,-2.700805664E-3,4.425048828E-4,2.767651594E-3
4.576477051E0,1.480102539E-3,1.556396484E-3,-6.256103516E-4,2.237065456E-3
4.581481933E0,1.480102539E-3,-1.647949219E-3,-6.256103516E-4,2.301701211E-3
4.586486816E0,4.119873047E-4,-5.798339844E-4,-1.693725586E-3,1.837021325E-3
4.591491699E0,-1.724243164E-3,1.556396484E-3,-1.693725586E-3,2.874733182E-3
4.596466064E0,-6.561279297E-4,-5.798339844E-4,-6.256103516E-4,1.076150371E-3
4.601440430E0,1.480102539E-3,4.882812500E-4,-6.256103516E-4,1.679437530E-3
4.606475830E0,2.548217773E-3,4.882812500E-4,-6.256103516E-4,2.668936251E-3
4.611480713E0,1.480102539E-3,4.882812500E-4,4.425048828E-4,1.620164398E-3
4.616485596E0,1.480102539E-3,4.882812500E-4,-6.256103516E-4,1.679437530E-3
4.621490478E0,-6.561279297E-4,-5.798339844E-4,-6.256103516E-4,1.076150371E-3
4.626495361E0,1.480102539E-3,-1.647949219E-3,-6.256103516E-4,2.301701211E-3
4.631500244E0,1.480102539E-3,4.882812500E-4,-6.256103516E-4,1.679437530E-3
4.636474609E0,1.480102539E-3,-1.647949219E-3,-6.256103516E-4,2.301701211E-3
4.641479492E0,1.480102539E-3,-5.798339844E-4,4.425048828E-4,1.650067134E-3
4.646484375E0,4.119873047E-4,4.882812500E-4,1.510620117E-3,1.640160131E-3
4.651489258E0,-1.724243164E-3,1.556396484E-3,-6.256103516E-4,2.405571204E-3
4.656494140E0,4.119873047E-4,-5.798339844E-4,-1.693725586E-3,1.837021325E-3
4.661499023E0,1.480102539E-3,-1.647949219E-3,-6.256103516E-4,2.301701211E-3
4.666503906E0,4.119873047E-4,1.556396484E-3,4.425048828E-4,1.669704802E-3
4.671508789E0,4.119873047E-4,1.556396484E-3,4.425048828E-4,1.669704802E-3
4.676513672E0,-1.724243164E-3,4.882812500E-4,4.425048828E-4,1.845872054E-3
4.681518555E0,4.119873047E-4,4.882812500E-4,1.510620117E-3,1.640160131E-3
4.686523437E0,3.601074219E-3,-1.647949219E-3,4.425048828E-4,3.984881771E-3
4.691528320E0,1.480102539E-3,-2.700805664E-3,-6.256103516E-4,3.142680874E-3
4.696533203E0,-6.561279297E-4,-5.798339844E-4,-1.693725586E-3,1.906677128E-3
4.701538086E0,-2.792358398E-3,-5.798339844E-4,-1.693725586E-3,3.316953306E-3
4.706512451E0,-1.724243164E-3,4.882812500E-4,4.425048828E-4,1.845872054E-3
4.711517334E0,-6.561279297E-4,-5.798339844E-4,4.425048828E-4,9.810819950E-4
4.716522217E0,-1.724243164E-3,-1.647949219E-3,-6.256103516E-4,2.465793874E-3
4.721527099E0,-6.561279297E-4,-1.647949219E-3,1.510620117E-3,2.329852705E-3
4.726531982E0,4.119873047E-4,-1.647949219E-3,-6.256103516E-4,1.810209512E-3
4.731536865E0,4.119873047E-4,4.882812500E-4,4.425048828E-4,7.771503649E-4
4.736541748E0,-6.561279297E-4,3.692626953E-3,4.425048828E-4,3.776480934E-3
4.741546631E0,-6.561279297E-4,-5.798339844E-4,4.425048828E-4,9.810819950E-4
4.746551513E0,-1.724243164E-3,-3.768920898E-3,-6.256103516E-4,4.191559082E-3
4.751556396E0,-2.792358398E-3,4.882812500E-4,-6.256103516E-4,2.902942011E-3
4.756530762E0,4.119873047E-4,4.882812500E-4,4.425048828E-4,7.771503649E-4
4.761505127E0,-6.561279297E-4,4.882812500E-4,-6.256103516E-4,1.029713917E-3
4.766510010E0,-6.561279297E-4,2.624511719E-3,-6.256103516E-4,2.776680380E-3
4.771514892E0,-1.724243164E-3,4.882812500E-4,-6.256103516E-4,1.898109949E-3
4.776519775E0,4.119873047E-4,-1.647949219E-3,4.425048828E-4,1.755357724E-3
4.781524658E0,1.480102539E-3,-5.798339844E-4,1.510620117E-3,2.192916805E-3
4.786529541E0,4.119873047E-4,4.882812500E-4,2.578735352E-3,2.656694964E-3
4.791534424E0,4.119873047E-4,4.882812500E-4,-1.693725586E-3,1.810209512E-3
4.796508789E0,-6.561279297E-4,4.882812500E-4,-6.256103516E-4,1.029713917E-3
4.801513672E0,-6.561279297E-4,-1.647949219E-3,-6.256103516E-4,1.880858527E-3
4.806518555E0,-6.561279297E-4,-2.700805664E-3,-2.746582031E-3,3.907501497E-3
4.811523437E0,-6.561279297E-4,-1.647949219E-3,-1.693725586E-3,2.452538858E-3
4.816528320E0,4.119873047E-4,-5.798339844E-4,4.425048828E-4,8.377061298E-4
4.821533203E0,-1.724243164E-3,-5.798339844E-4,-6.256103516E-4,1.923697027E-3
4.826538086E0,-6.561279297E-4,4.882812500E-4,-6.256103516E-4,1.029713917E-3
4.831542969E0,-6.561279297E-4,-5.798339844E-4,4.425048828E-4,9.810819950E-4
4.836547851E0,-6.561279297E-4,1.556396484E-3,4.425048828E-4,1.746048238E-3
4.841552734E0,4.119873047E-4,2.624511719E-3,4.425048828E-4,2.693251914E-3
4.846557617E0,4.119873047E-4,4.882812500E-4,1.510620117E-3,1.640160131E-3
4.851562500E0,1.480102539E-3,4.882812500E-4,4.425048828E-4,1.620164398E-3
4.856567383E0,-6.561279297E-4,-5.798339844E-4,-6.256103516E-4,1.076150371E-3
4.861572265E0,-6.561279297E-4,-5.798339844E-4,1.510620117E-3,1.746048238E-3
4.866577148E0,4.119873047E-4,-5.798339844E-4,1.510620117E-3,1.669704802E-3
4.871582031E0,-6.561279297E-4,-1.647949219E-3,4.425048828E-4,1.828127747E-3
4.876586914E0,4.119873047E-4,-5.798339844E-4,4.425048828E-4,8.377061298E-4
4.881591797E0,1.480102539E-3,-1.647949219E-3,-1.693725586E-3,2.788394971E-3
4.886566162E0,4.119873047E-4,-1.647949219E-3,4.425048828E-4,1.755357724E-3
4.891571045E0,4.119873047E-4,-5.798339844E-4,-1.693725586E-3,1.837021325E-3
4.896575928E0,-6.561279297E-4,1.556396484E-3,-2.746582031E-3,3.224373851E-3
4.901580810E0,4.119873047E-4,4.882812500E-4,-1.693725586E-3,1.810209512E-3
4.906555176E0,4.119873047E-4,-2.700805664E-3,-6.256103516E-4,2.802761689E-3
4.911560058E0,1.480102539E-3,-1.647949219E-3,-6.256103516E-4,2.301701211E-3
4.916564941E0,4.119873047E-4,-5.798339844E-4,-1.693725586E-3,1.837021325E-3
4.921569824E0,-1.724243164E-3,-5.798339844E-4,4.425048828E-4,1.872173205E-3
4.926574707E0,-6.561279297E-4,1.556396484E-3,2.578735352E-3,3.082653060E-3
4.931579590E0,-3.845214844E-3,1.556396484E-3,1.510620117E-3,4.414750316E-3
4.936584472E0,-6.561279297E-4,4.882812500E-4,4.425048828E-4,9.299102164E-4
4.941589355E0,1.480102539E-3,-1.647949219E-3,-6.256103516E-4,2.301701211E-3
4.946594238E0,-6.561279297E-4,1.556396484E-3,-2.746582031E-3,3.224373851E-3
4.951599121E0,-6.561279297E-4,-1.647949219E-3,-1.693725586E-3,2.452538858E-3
4.956604004E0,2.548217773E-3,-5.798339844E-4,4.425048828E-4,2.650553120E-3
4.961608887E0,-6.561279297E-4,4.882812500E-4,2.578735352E-3,2.705327790E-3
4.966613769E0,4.119873047E-4,-2.700805664E-3,4.425048828E-4,2.767651594E-3
4.971618652E0,4.119873047E-4,-5.798339844E-4,-6.256103516E-4,9.472746701E-4
4.976593017E0,1.480102539E-3,2.624511719E-3,-6.256103516E-4,3.077361467E-3
4.981597900E0,-6.561279297E-4,-5.798339844E-4,-6.256103516E-4,1.076150371E-3
4.986602783E0,-6.561279297E-4,-5.798339844E-4,4.425048828E-4,9.810819950E-4
4.991607666E0,-6.561279297E-4,4.882812500E-4,1.510620117E-3,1.717817097E-3
4.996612549E0,2.548217773E-3,4.882812500E-4,4.425048828E-4,2.632041598E-3
5.001617431E0,2.548217773E-3,4.882812500E-4,-1.693725586E-3,3.098473618E-3
5.006622314E0,1.480102539E-3,-3.768920898E-3,-6.256103516E-4,4.097176659E-3
5.011627197E0,-6.561279297E-4,-2.700805664E-3,4.425048828E-4,2.814367721E-3
5.016632080E0,4.119873047E-4,2.624511719E-3,1.510620117E-3,3.056103473E-3
5.021636963E0,-6.561279297E-4,4.882812500E-4,1.510620117E-3,1.717817097E-3
5.026641846E0,-6.561279297E-4,-1.647949219E-3,4.425048828E-4,1.828127747E-3
5.031646728E0,-6.561279297E-4,4.882812500E-4,4.425048828E-4,9.299102164E-4
5.036621094E0,-6.561279297E-4,1.556396484E-3,2.578735352E-3,3.082653060E-3
5.041625976E0,-6.561279297E-4,1.556396484E-3,1.510620117E-3,2.266020083E-3
5.046630859E0,-6.561279297E-4,1.556396484E-3,-6.256103516E-4,1.801183552E-3
5.051635742E0,-6.561279297E-4,1.556396484E-3,-6.256103516E-4,1.801183552E-3
5.056640625E0,4.119873047E-4,4.882812500E-4,-1.693725586E-3,1.810209512E-3
5.061645508E0,-6.561279297E-4,4.882812500E-4,-1.693725586E-3,1.880858527E-3
5.066619873E0,-6.561279297E-4,-1.647949219E-3,-1.693725586E-3,2.452538858E-3
5.071624756E0,-6.561279297E-4,4.882812500E-4,-6.256103516E-4,1.029713917E-3
5.076629638E0,4.119873047E-4,2.624511719E-3,4.425048828E-4,2.693251914E-3
5.081634521E0,-6.561279297E-4,-5.798339844E-4,-6.256103516E-4,1.076150371E-3
5.086639404E0,-6.561279297E-4,-1.647949219E-3,-6.256103516E-4,1.880858527E-3
5.091644287E0,4.119873047E-4,-5.798339844E-4,-6.256103516E-4,9.472746701E-4
5.096649170E0,-1.724243164E-3,-1.647949219E-3,-1.693725586E-3,2.925313227E-3
5.101654053E0,-1.724243164E-3,1.556396484E-3,4.425048828E-4,2.364570802E-3
5.106628418E0,-2.835083008E-2,3.457641602E-2,4.425048828E-4,4.471570106E-2
5.111633301E0,-1.284790039E-1,1.751861572E-1,5.767822266E-3,2.173253595E-1
5.116638183E0,-1.050567627E-1,1.890411377E-1,1.109313965E-2,2.165560733E-1
5.121643066E0,3.982543945E-2,-5.798339844E-4,6.835937500E-3,4.041202639E-2
5.126647949E0,5.368041992E-2,-9.219360352E-2,-8.087158203E-3,1.069890188E-1
5.131652832E0,-2.302551270E-2,-1.441955566E-2,-5.950927734E-3,2.781207222E-2
5.136657715E0,-3.153991699E-2,5.908203125E-2,7.904052734E-3,6.743831871E-2
5.141662597E0,2.384948730E-2,2.178955078E-2,-1.693725586E-3,3.234889912E-2
5.146667480E0,4.408264160E-2,-7.194519043E-2,-7.019042969E-3,8.466792002E-2
5.151672363E0,1.638793945E-2,-7.514953613E-2,-3.814697266E-3,7.701018930E-2
5.156677246E0,1.213073730E-2,-1.016235352E-2,4.425048828E-4,1.583110947E-2
5.161682129E0,3.131103516E-2,1.556396484E-3,-6.256103516E-4,3.135593534E-2
5.166656494E0,3.768920898E-2,-4.638671875E-2,-3.814697266E-3,5.988953219E-2
5.171661377E0,2.491760254E-2,-8.047485352E-2,-5.950927734E-3,8.445414440E-2
5.176666260E0,1.531982422E-2,-5.278015137E-2,-2.746582031E-3,5.502713063E-2
5.181671142E0,5.737304688E-3,4.882812500E-4,4.425048828E-4,5.775023310E-3
5.186645508E0,-6.561279297E-4,3.031921387E-2,4.425048828E-4,3.032954078E-2
5.191650390E0,-1.724243164E-3,5.813598633E-3,4.425048828E-4,6.080029122E-3
5.196655273E0,2.548217773E-3,-2.081298828E-2,-6.256103516E-4,2.097773304E-2
5.201660156E0,2.548217773E-3,-6.973266602E-3,4.425048828E-4,7.437450604E-3
5.206665039E0,4.119873047E-4,1.327514648E-2,1.510620117E-3,1.336716952E-2
5.211669922E0,4.119873047E-4,4.745483398E-3,-6.256103516E-4,4.804241307E-3
